label_0_lstm,label_1_lstm,label_0_tfidf,label_1_tfidf,label_0_autonlp,label_1_autonlp,y_true
0.50010586,0.49996138,0.7091117914538068,0.2908882085461932,0.40536946058273315,0.5946305394172668,1
0.50005364,0.49996662,0.5085484487835881,0.4914515512164119,0.5360009670257568,0.46399903297424316,1
0.5001758,0.5000273,0.7012007803756325,0.2987992196243675,0.277599036693573,0.722400963306427,1
0.50005263,0.49996817,0.7091117914538068,0.2908882085461932,0.7272748947143555,0.27272510528564453,1
0.50014687,0.5000002,0.6826032393949476,0.3173967606050524,0.6061042547225952,0.3938957452774048,1
0.49988356,0.49996078,0.7091117914538068,0.2908882085461932,0.5192201137542725,0.48077988624572754,1
0.5009474,0.500913,0.2216360361489551,0.7783639638510449,0.15499389171600342,0.8450061082839966,1
0.5001006,0.49997866,0.7091117914538068,0.2908882085461932,0.7795746326446533,0.22042536735534668,0
0.49777964,0.50039494,0.7028474123703159,0.2971525876296841,0.7220505475997925,0.2779494524002075,1
0.50031644,0.5002036,0.4586926567324069,0.5413073432675931,0.27107059955596924,0.7289294004440308,1
0.5001065,0.49995983,0.7091117914538068,0.2908882085461932,0.752899169921875,0.247100830078125,1
0.50028044,0.5008463,0.7028474123703159,0.2971525876296841,0.6083799600601196,0.39162003993988037,1
0.49996006,0.49996197,0.600266844687487,0.3997331553125129,0.3674090504646301,0.6325909495353699,1
0.50024754,0.5000045,0.6296340626594839,0.3703659373405161,0.48429054021835327,0.5157094597816467,1
0.50037694,0.49998534,0.7058220084561582,0.2941779915438418,0.6527971625328064,0.3472028374671936,1
0.500219,0.50005454,0.7462882659796628,0.2537117340203371,0.6834527254104614,0.3165472745895386,1
0.49978873,0.499885,0.7295539557829724,0.2704460442170275,0.6829128861427307,0.3170871138572693,1
0.5003126,0.5001328,0.3844256933051863,0.6155743066948137,0.288185179233551,0.711814820766449,1
0.5004717,0.4999932,0.6721169060974849,0.3278830939025151,0.6608516573905945,0.3391483426094055,1
0.50111234,0.50081414,0.7343923822843073,0.2656076177156927,0.8662509918212891,0.13374900817871094,1
0.50025064,0.49999565,0.4876342906163655,0.5123657093836345,0.3811092972755432,0.6188907027244568,1
0.49360245,0.506165,0.7033731475577805,0.2966268524422195,0.6357730031013489,0.3642269968986511,1
0.50061005,0.5010383,0.7210042971291626,0.2789957028708373,0.709149956703186,0.29085004329681396,1
0.5003863,0.5001305,0.4843563486922818,0.5156436513077182,0.4224221110343933,0.5775778889656067,1
0.5020396,0.50136894,0.5720739716261595,0.4279260283738405,0.6285715103149414,0.3714284896850586,1
0.5015621,0.5024265,0.3488299063776706,0.6511700936223294,0.21207404136657715,0.7879259586334229,1
0.5010768,0.5006888,0.7254371897968525,0.2745628102031475,0.7573952078819275,0.2426047921180725,1
0.5014456,0.501387,0.6899543420239292,0.3100456579760707,0.6979714632034302,0.3020285367965698,1
0.50081927,0.500276,0.7881089539493176,0.2118910460506823,0.7005064487457275,0.29949355125427246,1
0.50039786,0.50020576,0.7247304254879736,0.2752695745120263,0.4606468677520752,0.5393531322479248,1
0.500298,0.5001068,0.3763618296154283,0.6236381703845717,0.22287911176681519,0.7771208882331848,1
0.50015855,0.49996483,0.7484637695550195,0.2515362304449805,0.7205871939659119,0.27941280603408813,1
0.500096,0.4999683,0.7091117914538068,0.2908882085461932,0.7922490835189819,0.20775091648101807,1
0.5001955,0.5001726,0.3488299063776706,0.6511700936223294,0.25690120458602905,0.743098795413971,1
0.5001973,0.49997854,0.3468309320687198,0.6531690679312802,0.23951363563537598,0.760486364364624,1
0.50018567,0.49996483,0.7234171675205978,0.2765828324794021,0.6848862767219543,0.31511372327804565,1
0.49981737,0.50018466,0.7317601146977613,0.2682398853022388,0.7939549684524536,0.2060450315475464,1
0.5001988,0.5000423,0.7124680380639647,0.2875319619360352,0.8334887027740479,0.16651129722595215,1
0.5007537,0.5007068,0.7033487270319557,0.2966512729680443,0.7586217522621155,0.24137824773788452,1
0.49966705,0.5000232,0.6653175776073604,0.3346824223926395,0.6927164793014526,0.30728352069854736,1
0.50030416,0.50009096,0.7058220084561582,0.2941779915438418,0.8467070460319519,0.1532929539680481,0
0.49879616,0.5003954,0.7043692392577371,0.2956307607422629,0.7310371994972229,0.2689628005027771,1
0.50160605,0.50214446,0.2216360361489551,0.7783639638510449,0.1218448281288147,0.8781551718711853,1
0.5001195,0.49996072,0.7091117914538068,0.2908882085461932,0.572746992111206,0.42725300788879395,1
0.50017667,0.50003254,0.7091117914538068,0.2908882085461932,0.404676616191864,0.595323383808136,1
0.50008273,0.4999746,0.7091117914538068,0.2908882085461932,0.6626651287078857,0.33733487129211426,1
0.50011796,0.49996912,0.762146094516916,0.237853905483084,0.7569611072540283,0.24303889274597168,0
0.500212,0.50014514,0.3061786481312966,0.6938213518687034,0.22596818208694458,0.7740318179130554,1
0.5008054,0.5006882,0.68734492369527,0.3126550763047299,0.7340050339698792,0.26599496603012085,1
0.5003313,0.50029004,0.7549475738789839,0.245052426121016,0.8164399862289429,0.18356001377105713,1
0.49997503,0.49996716,0.7470665260353513,0.2529334739646487,0.6840434670448303,0.3159565329551697,1
0.50089616,0.50072,0.7115634417074574,0.2884365582925426,0.6948677897453308,0.3051322102546692,0
0.50040853,0.5001111,0.4759549956391112,0.5240450043608887,0.21164768934249878,0.7883523106575012,1
0.5004954,0.50036806,0.7303382976773349,0.2696617023226651,0.7392112016677856,0.26078879833221436,1
0.5003952,0.5006162,0.7067682262225761,0.2932317737774239,0.6931725740432739,0.3068274259567261,0
0.5001027,0.49998474,0.702333887594577,0.2976661124054229,0.747402548789978,0.252597451210022,1
0.50035197,0.5003089,0.4843563486922818,0.5156436513077182,0.40667426586151123,0.5933257341384888,1
0.50362414,0.5043474,0.5294088273632996,0.4705911726367003,0.15871357917785645,0.8412864208221436,1
0.5001596,0.49996364,0.4586926567324069,0.5413073432675931,0.5559399127960205,0.4440600872039795,0
0.5001058,0.499969,0.731328731039907,0.2686712689600929,0.5891918540000916,0.41080814599990845,1
0.4999126,0.49992502,0.7065424858104674,0.2934575141895325,0.7457901835441589,0.25420981645584106,0
0.50024813,0.5001306,0.5971942303034344,0.4028057696965655,0.4977172613143921,0.5022827386856079,1
0.5001127,0.49998122,0.4906312691490124,0.5093687308509875,0.1146392822265625,0.8853607177734375,1
0.50001603,0.4999619,0.7390626895693381,0.2609373104306619,0.8141367435455322,0.18586325645446777,1
0.5001636,0.49998283,0.6678446090810858,0.3321553909189142,0.594536304473877,0.40546369552612305,1
0.50027144,0.50016063,0.7043692392577371,0.2956307607422629,0.7389192581176758,0.2610807418823242,1
0.5001089,0.50004935,0.7091117914538068,0.2908882085461932,0.4275056719779968,0.5724943280220032,1
0.50290924,0.5054347,0.365474427408784,0.634525572591216,0.18167322874069214,0.8183267712593079,1
0.500053,0.49996924,0.7091117914538068,0.2908882085461932,0.6618551015853882,0.3381448984146118,0
0.5001233,0.5000028,0.7091117914538068,0.2908882085461932,0.5391003489494324,0.4608996510505676,0
0.5001587,0.50002307,0.3779067812655168,0.6220932187344832,0.10093080997467041,0.8990691900253296,1
0.5004442,0.5002534,0.750649682213398,0.2493503177866019,0.8184983730316162,0.1815016269683838,1
0.5012557,0.5037111,0.3262427742240914,0.6737572257759086,0.14385980367660522,0.8561401963233948,1
0.50030774,0.4999869,0.7091117914538068,0.2908882085461932,0.7979280948638916,0.2020719051361084,1
0.5001635,0.4999627,0.7091117914538068,0.2908882085461932,0.7951709032058716,0.20482909679412842,0
0.50030863,0.50051653,0.7295539557829724,0.2704460442170275,0.5692834258079529,0.4307165741920471,1
0.5001389,0.4999647,0.7091117914538068,0.2908882085461932,0.7569451332092285,0.24305486679077148,1
0.50046927,0.50028217,0.7234171675205978,0.2765828324794021,0.7601200938224792,0.23987990617752075,1
0.5002699,0.50039345,0.6304863546081796,0.3695136453918204,0.5167304873466492,0.48326951265335083,1
0.5001592,0.49998736,0.7462882659796628,0.2537117340203371,0.7568683624267578,0.2431316375732422,1
0.50011367,0.5000127,0.673771916128636,0.3262280838713641,0.8707353472709656,0.12926465272903442,1
0.50016147,0.4999655,0.4843563486922818,0.5156436513077182,0.560945987701416,0.439054012298584,1
0.5001798,0.5000242,0.3061786481312966,0.6938213518687034,0.33784782886505127,0.6621521711349487,1
0.50011533,0.49999487,0.7091117914538068,0.2908882085461932,0.7486395239830017,0.2513604760169983,1
0.5002013,0.49999297,0.3844256933051863,0.6155743066948137,0.15841305255889893,0.8415869474411011,1
0.5002976,0.5000723,0.7198549099289535,0.2801450900710465,0.5156998038291931,0.4843001961708069,1
0.5003165,0.5002277,0.7216790531989079,0.2783209468010921,0.7630499005317688,0.2369500994682312,1
0.50007796,0.4999727,0.4488043286153224,0.5511956713846776,0.3447684645652771,0.6552315354347229,1
0.50020814,0.50036615,0.7007640647020006,0.2992359352979993,0.764639675617218,0.23536032438278198,1
0.5004078,0.5009249,0.365474427408784,0.634525572591216,0.2847486138343811,0.7152513861656189,1
0.5001049,0.49996066,0.7091117914538068,0.2908882085461932,0.7895604968070984,0.2104395031929016,1
0.5001998,0.50002646,0.7569946718524309,0.2430053281475691,0.2993454933166504,0.7006545066833496,1
0.5001902,0.50006837,0.7091117914538068,0.2908882085461932,0.7005276083946228,0.2994723916053772,1
0.5002304,0.49999243,0.7091117914538068,0.2908882085461932,0.6839747428894043,0.3160252571105957,1
0.5001258,0.4999628,0.7091117914538068,0.2908882085461932,0.7940277457237244,0.20597225427627563,1
0.5008829,0.50026435,0.4586926567324069,0.5413073432675931,0.20989978313446045,0.7901002168655396,1
0.5004471,0.49997818,0.7423982241545848,0.2576017758454152,0.7486090064048767,0.2513909935951233,1
0.5003985,0.50015575,0.3763618296154283,0.6236381703845717,0.27301210165023804,0.726987898349762,1
0.50020087,0.50017935,0.7325509872445288,0.2674490127554712,0.7652285695075989,0.23477143049240112,1
0.50012153,0.49996102,0.7091117914538068,0.2908882085461932,0.8502568006515503,0.1497431993484497,1
0.5000971,0.49997437,0.7091117914538068,0.2908882085461932,0.5374394059181213,0.46256059408187866,0
0.50033116,0.50006235,0.7091117914538068,0.2908882085461932,0.6043320894241333,0.3956679105758667,1
0.50010985,0.49996084,0.6110412814501527,0.3889587185498472,0.5094049572944641,0.4905950427055359,1
0.5002213,0.5000275,0.3234970519931427,0.6765029480068573,0.22758328914642334,0.7724167108535767,1
0.5001415,0.49996394,0.7091117914538068,0.2908882085461932,0.7575914859771729,0.24240851402282715,0
0.49997175,0.49996692,0.7234171675205978,0.2765828324794021,0.7934712767601013,0.20652872323989868,1
0.5003123,0.50011384,0.7351736691177355,0.2648263308822645,0.8036656379699707,0.1963343620300293,0
0.500098,0.49997067,0.7091117914538068,0.2908882085461932,0.7708300352096558,0.22916996479034424,1
0.5001887,0.4999733,0.7043692392577371,0.2956307607422629,0.7086173892021179,0.2913826107978821,0
0.5000578,0.49996483,0.7091117914538068,0.2908882085461932,0.5060548782348633,0.4939451217651367,0
0.50021374,0.5001032,0.71081517109051,0.2891848289094901,0.7944159507751465,0.20558404922485352,1
0.50026214,0.5001496,0.7119558389505851,0.2880441610494149,0.28274160623550415,0.7172583937644958,1
0.502435,0.5016228,0.7122126631998644,0.2877873368001355,0.5610078573226929,0.43899214267730713,1
0.50002664,0.49996865,0.3488299063776706,0.6511700936223294,0.3353314995765686,0.6646685004234314,1
0.50015104,0.49996632,0.6296340626594839,0.3703659373405161,0.4004901647567749,0.5995098352432251,1
0.50009876,0.49997324,0.7091117914538068,0.2908882085461932,0.7154930830001831,0.2845069169998169,0
0.50013864,0.49998146,0.7325509872445288,0.2674490127554712,0.8820895552635193,0.11791044473648071,0
0.50010157,0.4999599,0.7091117914538068,0.2908882085461932,0.8014734387397766,0.1985265612602234,1
0.5036905,0.50373405,0.6814772196605252,0.3185227803394748,0.6999907493591309,0.30000925064086914,0
0.49986115,0.49988505,0.6442555182698774,0.3557444817301226,0.7821558117866516,0.2178441882133484,1
0.5001797,0.49996448,0.4843563486922818,0.5156436513077182,0.45994746685028076,0.5400525331497192,1
0.4977242,0.5012176,0.7227091551074198,0.2772908448925801,0.8241164684295654,0.17588353157043457,0
0.50051653,0.50025946,0.7348634834620852,0.2651365165379148,0.821587085723877,0.17841291427612305,0
0.5002905,0.5000439,0.7516579261431272,0.2483420738568727,0.8181416988372803,0.18185830116271973,0
0.5004353,0.500148,0.7299192158230299,0.2700807841769702,0.8505960702896118,0.14940392971038818,1
0.50021833,0.5001226,0.7050229827505562,0.2949770172494438,0.4368855357170105,0.5631144642829895,1
0.5001157,0.49996096,0.7325509872445288,0.2674490127554712,0.5533998012542725,0.44660019874572754,0
0.50031304,0.5002268,0.4638826149213058,0.5361173850786942,0.16561520099639893,0.8343847990036011,1
0.5003373,0.500237,0.7148055668067621,0.2851944331932379,0.8610627055168152,0.13893729448318481,0
0.5000984,0.4999686,0.7091117914538068,0.2908882085461932,0.7780581712722778,0.22194182872772217,1
0.5001271,0.4999616,0.7091117914538068,0.2908882085461932,0.7591083645820618,0.24089163541793823,0
0.5000953,0.49996603,0.7091117914538068,0.2908882085461932,0.8143560290336609,0.1856439709663391,1
0.5004612,0.5002768,0.7058220084561582,0.2941779915438418,0.7188227772712708,0.28117722272872925,1
0.5006169,0.5009434,0.6667055474985392,0.3332944525014608,0.31816309690475464,0.6818369030952454,0
0.50019306,0.4999907,0.211684130482408,0.7883158695175919,0.20868027210235596,0.791319727897644,0
0.50019217,0.50001425,0.7565725104118676,0.2434274895881324,0.6413841247558594,0.3586158752441406,0
0.5003608,0.5001054,0.7511765382932231,0.2488234617067769,0.8057898283004761,0.19421017169952393,1
0.49984252,0.49985224,0.6202911030654654,0.3797088969345346,0.7347584962844849,0.26524150371551514,0
0.50014126,0.50005805,0.7303973405727028,0.2696026594272972,0.3947654962539673,0.6052345037460327,0
0.50026095,0.5000368,0.7511765382932231,0.2488234617067769,0.8198663592338562,0.1801336407661438,0
0.50015503,0.49997783,0.5945007209413034,0.4054992790586967,0.57212233543396,0.42787766456604004,1
0.5002043,0.5000342,0.7091117914538068,0.2908882085461932,0.78847736120224,0.21152263879776,0
0.50012267,0.49996465,0.7091117914538068,0.2908882085461932,0.8058947324752808,0.19410526752471924,0
0.500136,0.49997848,0.7091117914538068,0.2908882085461932,0.5237064361572266,0.47629356384277344,0
0.5000953,0.49996603,0.7091117914538068,0.2908882085461932,0.8143560290336609,0.1856439709663391,0
0.50055826,0.50003344,0.7450263470179164,0.2549736529820837,0.6743925213813782,0.3256074786186218,1
0.5001221,0.4999616,0.7325509872445288,0.2674490127554712,0.8636335134506226,0.13636648654937744,0
0.50036883,0.50016654,0.7325509872445288,0.2674490127554712,0.7191655039787292,0.28083449602127075,0
0.50012034,0.49996138,0.7325509872445288,0.2674490127554712,0.7541264295578003,0.2458735704421997,0
0.50019217,0.50001425,0.7565725104118676,0.2434274895881324,0.6413841247558594,0.3586158752441406,1
0.5002343,0.50005156,0.7330308487421658,0.2669691512578341,0.7753309011459351,0.22466909885406494,0
0.49997175,0.49996692,0.7234171675205978,0.2765828324794021,0.7934712767601013,0.20652872323989868,0
0.50093627,0.5007947,0.7247185328337638,0.2752814671662362,0.6968076825141907,0.3031923174858093,0
0.49531418,0.5036846,0.7227091551074198,0.2772908448925801,0.8289176225662231,0.17108237743377686,1
0.5000953,0.49996632,0.4638826149213058,0.5361173850786942,0.37975287437438965,0.6202471256256104,0
0.5001642,0.50006646,0.6724298731444918,0.3275701268555083,0.47886717319488525,0.5211328268051147,0
0.50013685,0.49997723,0.4843563486922818,0.5156436513077182,0.5432261824607849,0.4567738175392151,0
0.50031304,0.5002268,0.4638826149213058,0.5361173850786942,0.159961998462677,0.840038001537323,1
0.4981508,0.50036633,0.6957876554572271,0.3042123445427728,0.6195810437202454,0.38041895627975464,0
0.50020605,0.500001,0.7091117914538068,0.2908882085461932,0.46426308155059814,0.5357369184494019,0
0.50036883,0.50016654,0.7325509872445288,0.2674490127554712,0.7191655039787292,0.28083449602127075,1
0.50016093,0.5001279,0.6461757431129289,0.3538242568870711,0.7453726530075073,0.2546273469924927,0
0.5001613,0.5000171,0.7325509872445288,0.2674490127554712,0.8421077728271484,0.15789222717285156,0
0.50021964,0.50001085,0.4843563486922818,0.5156436513077182,0.7276063561439514,0.2723936438560486,0
0.5001271,0.4999616,0.7091117914538068,0.2908882085461932,0.7591083645820618,0.24089163541793823,1
0.5003123,0.50011384,0.7351736691177355,0.2648263308822645,0.8036656379699707,0.1963343620300293,1
0.5002608,0.5000383,0.7234171675205978,0.2765828324794021,0.7775782942771912,0.22242170572280884,0
0.502435,0.5016228,0.7122126631998644,0.2877873368001355,0.5610078573226929,0.43899214267730713,0
0.5001381,0.499964,0.7325509872445288,0.2674490127554712,0.8644971251487732,0.1355028748512268,0
0.5001672,0.49996543,0.7091117914538068,0.2908882085461932,0.8737214207649231,0.1262785792350769,0
0.50018805,0.4999919,0.7091117914538068,0.2908882085461932,0.7534309029579163,0.24656909704208374,0
0.50012577,0.49999678,0.7091117914538068,0.2908882085461932,0.8200500011444092,0.17994999885559082,1
0.50014585,0.4999647,0.7085263763175336,0.2914736236824664,0.7807915210723877,0.2192084789276123,0
0.50051695,0.5001534,0.7549381289983119,0.245061871001688,0.8054056763648987,0.19459432363510132,0
0.5001121,0.49996102,0.7091117914538068,0.2908882085461932,0.6870633363723755,0.3129366636276245,0
0.50025284,0.5002121,0.6334332812058128,0.3665667187941873,0.4919712543487549,0.5080287456512451,0
0.50014704,0.5000147,0.3844256933051863,0.6155743066948137,0.5882620215415955,0.41173797845840454,1
0.5001011,0.49995965,0.4586926567324069,0.5413073432675931,0.4966930150985718,0.5033069849014282,0
0.50002664,0.49996865,0.3488299063776706,0.6511700936223294,0.3353314995765686,0.6646685004234314,0
0.50014824,0.5000539,0.7091117914538068,0.2908882085461932,0.8229550719261169,0.17704492807388306,0
0.50022125,0.5000123,0.5168485752181312,0.4831514247818688,0.19427549839019775,0.8057245016098022,0
0.5004231,0.50070894,0.7349007138666591,0.2650992861333409,0.734572172164917,0.265427827835083,0
0.500091,0.49998248,0.7043692392577371,0.2956307607422629,0.8327152132987976,0.1672847867012024,0
0.5008599,0.5003573,0.7744385287132751,0.2255614712867248,0.6686136722564697,0.3313863277435303,0
0.50074905,0.50062,0.3848683090226225,0.6151316909773775,0.239396870136261,0.760603129863739,1
0.5004238,0.5001223,0.4876342906163655,0.5123657093836345,0.6435670256614685,0.3564329743385315,0
0.500232,0.4999838,0.7043692392577371,0.2956307607422629,0.8811653852462769,0.11883461475372314,0
0.50026214,0.5001496,0.7119558389505851,0.2880441610494149,0.28274160623550415,0.7172583937644958,0
0.50014704,0.5000147,0.3844256933051863,0.6155743066948137,0.5882620215415955,0.41173797845840454,0
0.5000984,0.4999686,0.7091117914538068,0.2908882085461932,0.7780581712722778,0.22194182872772217,0
0.50019395,0.5001065,0.7091117914538068,0.2908882085461932,0.7678497433662415,0.23215025663375854,0
0.50021374,0.5001032,0.71081517109051,0.2891848289094901,0.7944159507751465,0.20558404922485352,0
0.50029534,0.5002559,0.4843563486922818,0.5156436513077182,0.5220486521720886,0.4779513478279114,1
0.50015503,0.49997783,0.5945007209413034,0.4054992790586967,0.57212233543396,0.42787766456604004,0
0.50009817,0.49996012,0.7091117914538068,0.2908882085461932,0.7527099251747131,0.24729007482528687,0
0.5002125,0.49999452,0.7091117914538068,0.2908882085461932,0.7496455311775208,0.25035446882247925,0
0.5002424,0.5000613,0.7091117914538068,0.2908882085461932,0.7784148454666138,0.22158515453338623,0
0.5004353,0.500148,0.7299192158230299,0.2700807841769702,0.8415629863739014,0.15843701362609863,0
0.49955076,0.50016356,0.7124680380639647,0.2875319619360352,0.7185843586921692,0.2814156413078308,0
0.5002856,0.5000589,0.7091117914538068,0.2908882085461932,0.7094144225120544,0.29058557748794556,1
0.501109,0.4999841,0.6393013357973301,0.3606986642026699,0.547831118106842,0.45216888189315796,0
0.50034845,0.50063473,0.749294680276609,0.250705319723391,0.8559233546257019,0.1440766453742981,0
0.5027779,0.50226355,0.7091117914538068,0.2908882085461932,0.7524875402450562,0.24751245975494385,1
0.50010073,0.49996114,0.7091117914538068,0.2908882085461932,0.8261516690254211,0.17384833097457886,0
0.50034845,0.50063473,0.749294680276609,0.250705319723391,0.8559233546257019,0.1440766453742981,1
0.50017697,0.49997985,0.7458494880772705,0.2541505119227295,0.833233118057251,0.16676688194274902,1
0.5004612,0.5002768,0.7058220084561582,0.2941779915438418,0.7188227772712708,0.28117722272872925,1
0.50000674,0.5034617,0.7527497400078703,0.2472502599921297,0.8477526903152466,0.15224730968475342,0
0.50013864,0.49998146,0.7325509872445288,0.2674490127554712,0.8820895552635193,0.11791044473648071,1
0.500384,0.5001224,0.7454848674790816,0.2545151325209184,0.8773685097694397,0.1226314902305603,0
0.5001185,0.4999615,0.7091117914538068,0.2908882085461932,0.8403807282447815,0.1596192717552185,0
0.5003095,0.5001287,0.4843563486922818,0.5156436513077182,0.6805242300033569,0.31947576999664307,0
0.500227,0.5000122,0.7557078646944141,0.2442921353055858,0.8266451954841614,0.17335480451583862,0
0.5003608,0.5001054,0.7511765382932231,0.2488234617067769,0.8057898283004761,0.19421017169952393,0
0.50056607,0.500033,0.7450263470179164,0.2549736529820837,0.7034894824028015,0.2965105175971985,0
0.50015104,0.49996632,0.6296340626594839,0.3703659373405161,0.4004901647567749,0.5995098352432251,0
0.5007846,0.50034964,0.7469031893254054,0.2530968106745946,0.7822838425636292,0.21771615743637085,1
0.50032705,0.50003624,0.6454428119313586,0.3545571880686414,0.5412745475769043,0.4587254524230957,0
0.5008599,0.5003573,0.7744385287132751,0.2255614712867248,0.6686136722564697,0.3313863277435303,0
0.5005923,0.50041515,0.7091117914538068,0.2908882085461932,0.6542022824287415,0.34579771757125854,0
0.5000839,0.49997598,0.6817129148549557,0.3182870851450444,0.44928044080734253,0.5507195591926575,0
0.49602208,0.49952695,0.6957876554572271,0.3042123445427728,0.5659394264221191,0.43406057357788086,0
0.500118,0.49996173,0.68642351956548,0.3135764804345201,0.7900684475898743,0.20993155241012573,0
0.5002424,0.5000613,0.7091117914538068,0.2908882085461932,0.7784148454666138,0.22158515453338623,1
0.5006427,0.50056213,0.71081517109051,0.2891848289094901,0.6541121006011963,0.3458878993988037,1
0.49986115,0.49988505,0.6442555182698774,0.3557444817301226,0.7903537154197693,0.2096462845802307,0
0.50025284,0.5002121,0.6334332812058128,0.3665667187941873,0.4919712543487549,0.5080287456512451,1
0.5002343,0.50005156,0.7330308487421658,0.2669691512578341,0.7599121332168579,0.2400878667831421,0
0.50052255,0.500634,0.7458494880772705,0.2541505119227295,0.7850167155265808,0.2149832844734192,0
0.49602208,0.49952695,0.6957876554572271,0.3042123445427728,0.5659394264221191,0.43406057357788086,1
0.5000966,0.4999609,0.4488043286153224,0.5511956713846776,0.27754026651382446,0.7224597334861755,0
0.50076884,0.5005784,0.6832618994454134,0.3167381005545865,0.7032232880592346,0.2967767119407654,0
0.50010157,0.4999599,0.7091117914538068,0.2908882085461932,0.8014734387397766,0.1985265612602234,0
0.5002164,0.50005877,0.3061786481312966,0.6938213518687034,0.4003041386604309,0.5996958613395691,1
0.5001613,0.5000171,0.7325509872445288,0.2674490127554712,0.8421077728271484,0.15789222717285156,1
0.5001808,0.49997962,0.7091117914538068,0.2908882085461932,0.66017085313797,0.33982914686203003,0
0.50009674,0.49997532,0.7091117914538068,0.2908882085461932,0.5968607664108276,0.40313923358917236,1
0.5005568,0.50023896,0.7202148638857637,0.2797851361142362,0.8173016905784607,0.1826983094215393,0
0.5001968,0.4999683,0.703854586916295,0.296145413083705,0.6607694029808044,0.33923059701919556,0
0.5006065,0.5004919,0.7091117914538068,0.2908882085461932,0.7597200274467468,0.24027997255325317,0
0.5005932,0.50112754,0.4759549956391112,0.5240450043608887,0.3045673966407776,0.6954326033592224,1
0.50014484,0.4999693,0.7565725104118676,0.2434274895881324,0.6884480118751526,0.3115519881248474,0
0.50014126,0.50005805,0.7303973405727028,0.2696026594272972,0.3947654962539673,0.6052345037460327,0
0.5002608,0.5000383,0.7234171675205978,0.2765828324794021,0.7775782942771912,0.22242170572280884,1
0.49995017,0.49995732,0.6806944519799286,0.3193055480200714,0.4598032236099243,0.5401967763900757,0
0.5005137,0.5000707,0.3321796960835336,0.6678203039164664,0.22644609212875366,0.7735539078712463,1
0.5004139,0.50032634,0.7091117914538068,0.2908882085461932,0.5704213380813599,0.42957866191864014,0
0.49955076,0.50016356,0.7124680380639647,0.2875319619360352,0.7174624800682068,0.2825375199317932,1
0.500133,0.49997902,0.7091117914538068,0.2908882085461932,0.8449568152427673,0.15504318475723267,0
0.50021833,0.5001226,0.7050229827505562,0.2949770172494438,0.4368855357170105,0.5631144642829895,0
0.5001035,0.49996006,0.7091117914538068,0.2908882085461932,0.7738683819770813,0.2261316180229187,0
0.50003785,0.49998552,0.7331400246875108,0.2668599753124891,0.8334304094314575,0.16656959056854248,1
0.5003419,0.50016344,0.7091117914538068,0.2908882085461932,0.8309939503669739,0.16900604963302612,0
0.50010645,0.49999958,0.7325509872445288,0.2674490127554712,0.8231452107429504,0.17685478925704956,0
0.50020844,0.5000631,0.6934336078711163,0.3065663921288837,0.7267570495605469,0.2732429504394531,0
0.5001035,0.49996006,0.7091117914538068,0.2908882085461932,0.7738683819770813,0.2261316180229187,1
0.50011694,0.4999616,0.7091117914538068,0.2908882085461932,0.6108025908470154,0.3891974091529846,0
0.50013274,0.49996233,0.7325509872445288,0.2674490127554712,0.5617401599884033,0.4382598400115967,1
0.5001808,0.49997962,0.7091117914538068,0.2908882085461932,0.66017085313797,0.33982914686203003,1
0.5003562,0.5002195,0.2216360361489551,0.7783639638510449,0.08088743686676036,0.9191125631332396,1
0.5000813,0.50010496,0.7250154435341545,0.2749845564658454,0.47906970977783203,0.520930290222168,0
0.50082105,0.50074804,0.7091117914538068,0.2908882085461932,0.7315206527709961,0.2684793472290039,0
0.5001185,0.4999615,0.7091117914538068,0.2908882085461932,0.8403807282447815,0.1596192717552185,1
0.5002164,0.50005877,0.3061786481312966,0.6938213518687034,0.4003041386604309,0.5996958613395691,0
0.50007266,0.4999963,0.7325509872445288,0.2674490127554712,0.7996810674667358,0.20031893253326416,1
0.50010234,0.49996066,0.7091117914538068,0.2908882085461932,0.6265013813972473,0.3734986186027527,1
0.50010985,0.49996084,0.6110412814501527,0.3889587185498472,0.5094049572944641,0.4905950427055359,0
0.5000991,0.49997187,0.7091117914538068,0.2908882085461932,0.7915710806846619,0.20842891931533813,0
0.500227,0.5000122,0.7557078646944141,0.2442921353055858,0.8266451954841614,0.17335480451583862,0
0.5008303,0.5002142,0.7091117914538068,0.2908882085461932,0.6820006966590881,0.31799930334091187,0
0.5004403,0.5002522,0.7325509872445288,0.2674490127554712,0.5984719395637512,0.4015280604362488,0
0.5005932,0.50112754,0.4759549956391112,0.5240450043608887,0.3045673966407776,0.6954326033592224,0
0.5000839,0.49997598,0.6817129148549557,0.3182870851450444,0.44928044080734253,0.5507195591926575,1
0.50012267,0.49996465,0.7091117914538068,0.2908882085461932,0.8058947324752808,0.19410526752471924,1
0.50007266,0.4999963,0.7325509872445288,0.2674490127554712,0.7996810674667358,0.20031893253326416,0
0.50012636,0.4999622,0.7091117914538068,0.2908882085461932,0.7976594567298889,0.20234054327011108,0
0.5001645,0.50000024,0.7325509872445288,0.2674490127554712,0.7834813594818115,0.21651864051818848,1
0.49995017,0.49995732,0.6806944519799286,0.3193055480200714,0.4598032236099243,0.5401967763900757,1
0.50013685,0.49997723,0.4843563486922818,0.5156436513077182,0.5432261824607849,0.4567738175392151,1
0.5001545,0.4999702,0.7091117914538068,0.2908882085461932,0.643139660358429,0.35686033964157104,0
0.50029534,0.5002559,0.4843563486922818,0.5156436513077182,0.5220486521720886,0.4779513478279114,0
0.5001259,0.49996287,0.6724298731444918,0.3275701268555083,0.8029677271842957,0.19703227281570435,0
0.5004231,0.50070894,0.7349007138666591,0.2650992861333409,0.734572172164917,0.265427827835083,1
0.501109,0.4999841,0.6393013357973301,0.3606986642026699,0.547831118106842,0.45216888189315796,1
0.49984252,0.49985224,0.6202911030654654,0.3797088969345346,0.7347584962844849,0.26524150371551514,1
0.5004238,0.500194,0.7502249619417453,0.2497750380582547,0.8368776440620422,0.16312235593795776,0
0.5001642,0.50006646,0.6724298731444918,0.3275701268555083,0.47886717319488525,0.5211328268051147,0
0.5001396,0.49999225,0.7433334233568908,0.2566665766431092,0.7637329697608948,0.23626703023910522,0
0.50027716,0.49999416,0.7097612845622243,0.2902387154377756,0.700122058391571,0.29987794160842896,0
0.50009775,0.49996668,0.7091117914538068,0.2908882085461932,0.8154442310333252,0.1845557689666748,0
0.5005137,0.5000707,0.3321796960835336,0.6678203039164664,0.22644609212875366,0.7735539078712463,0
0.50012577,0.49999678,0.7091117914538068,0.2908882085461932,0.8200500011444092,0.17994999885559082,0
0.50074905,0.50062,0.3848683090226225,0.6151316909773775,0.239396870136261,0.760603129863739,1
0.50093627,0.5007947,0.7247185328337638,0.2752814671662362,0.6968076825141907,0.3031923174858093,1
0.500098,0.49997067,0.7091117914538068,0.2908882085461932,0.7982193231582642,0.20178067684173584,0
0.5000975,0.49996018,0.7091117914538068,0.2908882085461932,0.7884628772735596,0.21153712272644043,0
0.5000816,0.49997467,0.7091117914538068,0.2908882085461932,0.7960025668144226,0.2039974331855774,0
0.5001041,0.49997735,0.7091117914538068,0.2908882085461932,0.8442863821983337,0.15571361780166626,0
0.500098,0.49997067,0.7091117914538068,0.2908882085461932,0.7708300352096558,0.22916996479034424,0
0.5001797,0.49996448,0.4843563486922818,0.5156436513077182,0.47504377365112305,0.524956226348877,0
0.5004139,0.50032634,0.7091117914538068,0.2908882085461932,0.5704213380813599,0.42957866191864014,1
0.50032413,0.5002463,0.6400247656419458,0.3599752343580543,0.578126847743988,0.42187315225601196,0
0.500136,0.49997848,0.7091117914538068,0.2908882085461932,0.5237064361572266,0.47629356384277344,1
0.50012404,0.49996626,0.4843563486922818,0.5156436513077182,0.6052713990211487,0.3947286009788513,0
0.5001243,0.49996233,0.8593459013450853,0.1406540986549148,0.8702260255813599,0.12977397441864014,0
0.50010836,0.49997175,0.7043692392577371,0.2956307607422629,0.8827311396598816,0.11726886034011841,0
0.50003785,0.49998552,0.7331400246875108,0.2668599753124891,0.8334304094314575,0.16656959056854248,0
0.50028175,0.50015265,0.7280440214722796,0.2719559785277203,0.8342588543891907,0.16574114561080933,0
0.50032413,0.5002463,0.6400247656419458,0.3599752343580543,0.578126847743988,0.42187315225601196,1
0.5003228,0.5002931,0.7091117914538068,0.2908882085461932,0.7644851803779602,0.2355148196220398,0
0.50014055,0.4999743,0.7091117914538068,0.2908882085461932,0.7906674146652222,0.20933258533477783,0
0.5003562,0.5002195,0.2216360361489551,0.7783639638510449,0.08088743686676036,0.9191125631332396,1
0.50010234,0.49996066,0.7091117914538068,0.2908882085461932,0.6265013813972473,0.3734986186027527,0
0.50012636,0.4999622,0.7091117914538068,0.2908882085461932,0.7976594567298889,0.20234054327011108,1
0.5001645,0.50000024,0.7325509872445288,0.2674490127554712,0.7834813594818115,0.21651864051818848,0
0.5001011,0.49995965,0.4586926567324069,0.5413073432675931,0.4966930150985718,0.5033069849014282,1
0.50009775,0.49996668,0.7091117914538068,0.2908882085461932,0.8288780450820923,0.17112195491790771,1
0.5006427,0.50056213,0.71081517109051,0.2891848289094901,0.6541121006011963,0.3458878993988037,0
0.5000666,0.49996555,0.7091117914538068,0.2908882085461932,0.5680840015411377,0.4319159984588623,0
0.49329373,0.50043494,0.750446012913511,0.249553987086489,0.629386305809021,0.370613694190979,1
0.5001259,0.49996173,0.292804632550295,0.707195367449705,0.34045082330703735,0.6595491766929626,1
0.5021509,0.5024104,0.7043692392577371,0.2956307607422629,0.6696464419364929,0.3303535580635071,0
0.5001093,0.49995977,0.7091117914538068,0.2908882085461932,0.41414958238601685,0.5858504176139832,1
0.50059485,0.50059,0.6923366685797221,0.3076633314202779,0.7488271594047546,0.25117284059524536,1
0.5002353,0.5000048,0.4843563486922818,0.5156436513077182,0.38397568464279175,0.6160243153572083,1
0.49158484,0.5064561,0.6640820409672353,0.3359179590327646,0.6061277985572815,0.3938722014427185,1
0.50078845,0.50012726,0.7091117914538068,0.2908882085461932,0.6066569089889526,0.39334309101104736,0
0.5000351,0.50070524,0.7636305484507461,0.2363694515492539,0.39556455612182617,0.6044354438781738,0
0.5001492,0.5000276,0.7519948704842794,0.2480051295157206,0.8534942865371704,0.1465057134628296,1
0.5001348,0.49997425,0.7007640647020006,0.2992359352979993,0.7243807911872864,0.2756192088127136,0
0.50018644,0.50002897,0.292804632550295,0.707195367449705,0.332420289516449,0.667579710483551,0
0.50014335,0.49996877,0.7012007803756325,0.2987992196243675,0.8637155890464783,0.13628441095352173,0
0.50018716,0.5000266,0.6762116692615521,0.3237883307384478,0.5829697847366333,0.4170302152633667,1
0.5002609,0.50021476,0.3844256933051863,0.6155743066948137,0.26686620712280273,0.7331337928771973,1
0.50007325,0.49996394,0.7091117914538068,0.2908882085461932,0.8525447249412537,0.14745527505874634,0
0.5001842,0.50002396,0.7206977644552991,0.2793022355447009,0.7377331256866455,0.2622668743133545,0
0.50011927,0.4999615,0.7034880705680684,0.2965119294319316,0.5942270159721375,0.40577298402786255,1
0.50020444,0.50001687,0.721029252817515,0.278970747182485,0.2932855486869812,0.7067144513130188,0
0.50027335,0.5002316,0.7511765382932231,0.2488234617067769,0.5796895623207092,0.42031043767929077,1
0.5007451,0.5004103,0.6807151526279125,0.3192848473720875,0.6970528960227966,0.30294710397720337,0
0.5008695,0.50025135,0.7059999399013335,0.2940000600986666,0.80772864818573,0.19227135181427002,0
0.5004586,0.5004114,0.3766224128802855,0.6233775871197145,0.27150166034698486,0.7284983396530151,1
0.5001808,0.49997962,0.7091117914538068,0.2908882085461932,0.6569580435752869,0.34304195642471313,0
0.5002617,0.49998558,0.7028474123703159,0.2971525876296841,0.8368755578994751,0.1631244421005249,0
0.49972728,0.5001013,0.7177178722251734,0.2822821277748266,0.7700891494750977,0.22991085052490234,0
0.5013505,0.50115186,0.4895438541824045,0.5104561458175955,0.7453005313873291,0.2546994686126709,0
0.50010574,0.49997663,0.7091117914538068,0.2908882085461932,0.5889919996261597,0.41100800037384033,1
0.5005552,0.50018734,0.3963859034394678,0.6036140965605322,0.134382426738739,0.865617573261261,1
0.5007226,0.5006587,0.7091117914538068,0.2908882085461932,0.7459693551063538,0.25403064489364624,0
0.50019675,0.49997747,0.3507193204626387,0.6492806795373612,0.46548646688461304,0.534513533115387,0
0.50015664,0.49997938,0.6357515342019424,0.3642484657980575,0.7377970814704895,0.2622029185295105,1
0.50046116,0.5001498,0.3488299063776706,0.6511700936223294,0.3675971031188965,0.6324028968811035,1
0.5024158,0.4992846,0.7325509872445288,0.2674490127554712,0.5855027437210083,0.4144972562789917,0
0.5001089,0.4999609,0.6944412147823347,0.3055587852176653,0.8026106357574463,0.1973893642425537,0
0.5000558,0.49996412,0.7091117914538068,0.2908882085461932,0.7328988313674927,0.2671011686325073,0
0.50034463,0.5002172,0.7362227683394391,0.2637772316605609,0.7920652031898499,0.20793479681015015,0
0.5001102,0.49996102,0.7091117914538068,0.2908882085461932,0.8198500275611877,0.18014997243881226,1
0.49953243,0.5008718,0.6872708467271508,0.3127291532728492,0.5672485828399658,0.4327514171600342,0
0.5007952,0.5000364,0.7091117914538068,0.2908882085461932,0.24473834037780762,0.7552616596221924,1
0.5002537,0.5000457,0.7325509872445288,0.2674490127554712,0.8928988575935364,0.10710114240646362,0
0.5001202,0.4999827,0.3763618296154283,0.6236381703845717,0.6577702164649963,0.34222978353500366,0
0.5009851,0.50246155,0.677885657109706,0.3221143428902939,0.32652753591537476,0.6734724640846252,1
0.49194604,0.49931335,0.7177516303240246,0.2822483696759754,0.6965752243995667,0.30342477560043335,1
0.49947497,0.5001321,0.7458494880772705,0.2541505119227295,0.7161701321601868,0.28382986783981323,0
0.50008535,0.4999764,0.7180690397542606,0.2819309602457394,0.7203173041343689,0.2796826958656311,1
0.48868692,0.5000107,0.7347303664294389,0.265269633570561,0.8375270962715149,0.1624729037284851,0
0.5001402,0.49997115,0.7099448648785465,0.2900551351214535,0.8130486011505127,0.1869513988494873,0
0.5000441,0.4999681,0.7234171675205978,0.2765828324794021,0.7617972493171692,0.2382027506828308,1
0.50043046,0.5006106,0.5510422348452311,0.4489577651547689,0.2096707820892334,0.7903292179107666,0
0.50207144,0.50131553,0.7103012600803029,0.2896987399196971,0.8606550097465515,0.1393449902534485,0
0.5001712,0.50005,0.7091117914538068,0.2908882085461932,0.763215959072113,0.23678404092788696,0
0.50019675,0.49997747,0.3507193204626387,0.6492806795373612,0.46548646688461304,0.534513533115387,1
0.500182,0.5000688,0.7310629349362301,0.2689370650637699,0.7105159163475037,0.28948408365249634,1
0.50015914,0.49997497,0.7004400719241954,0.2995599280758045,0.7618305683135986,0.23816943168640137,0
0.5003781,0.5002632,0.7176372190555604,0.2823627809444396,0.4512004852294922,0.5487995147705078,0
0.5001185,0.4999615,0.7091117914538068,0.2908882085461932,0.8403807282447815,0.1596192717552185,0
0.50040436,0.5001299,0.590736592391776,0.409263407608224,0.11314171552658081,0.8868582844734192,1
0.500053,0.49996668,0.7670632861147435,0.2329367138852565,0.26375365257263184,0.7362463474273682,1
0.5006046,0.5002842,0.7099690962650818,0.2900309037349182,0.7173372507095337,0.2826627492904663,1
0.50051767,0.50227726,0.733661191453884,0.2663388085461161,0.7311856746673584,0.2688143253326416,0
0.49755943,0.5008347,0.6724298731444918,0.3275701268555083,0.5670059323310852,0.4329940676689148,1
0.5003177,0.50053287,0.7276162532400781,0.2723837467599219,0.8618276715278625,0.13817232847213745,0
0.5002611,0.5001726,0.6791605247042167,0.3208394752957833,0.6680119037628174,0.3319880962371826,0
0.5002277,0.50006586,0.71081517109051,0.2891848289094901,0.5509611368179321,0.44903886318206787,1
0.50018716,0.5000266,0.6762116692615521,0.3237883307384478,0.5829697847366333,0.4170302152633667,0
0.5003464,0.5002934,0.7201525709436661,0.2798474290563338,0.7255643010139465,0.27443569898605347,0
0.50010103,0.4999631,0.7202148638857637,0.2797851361142362,0.5488414764404297,0.4511585235595703,0
0.50027984,0.5001161,0.6965405254002991,0.3034594745997009,0.4517812132835388,0.5482187867164612,1
0.5006241,0.5008011,0.6617612438109359,0.338238756189064,0.6768163442611694,0.32318365573883057,1
0.50032437,0.50002414,0.7538824280686004,0.2461175719313996,0.7622385025024414,0.2377614974975586,0
0.5000222,0.50000083,0.6943973895714195,0.3056026104285805,0.2939012050628662,0.7060987949371338,1
0.49931833,0.5003064,0.7213364660008417,0.2786635339991583,0.8298608660697937,0.1701391339302063,1
0.50069374,0.50124675,0.71081517109051,0.2891848289094901,0.7670432925224304,0.23295670747756958,0
0.49613518,0.50160354,0.6916056699020874,0.3083943300979126,0.5135588645935059,0.48644113540649414,1
0.50004286,0.49996865,0.7234171675205978,0.2765828324794021,0.20631688833236694,0.7936831116676331,1
0.49701542,0.5002193,0.7341889540338036,0.2658110459661963,0.65916907787323,0.34083092212677,1
0.50041324,0.5002481,0.7340282913051559,0.2659717086948441,0.5523844957351685,0.44761550426483154,1
0.5002251,0.5001012,0.697060619684462,0.302939380315538,0.39695990085601807,0.6030400991439819,1
0.5021509,0.5024104,0.7043692392577371,0.2956307607422629,0.6662579774856567,0.33374202251434326,1
0.50012547,0.4999671,0.7028474123703159,0.2971525876296841,0.7749394774436951,0.22506052255630493,1
0.50015706,0.4999907,0.6526466774886088,0.3473533225113911,0.40553998947143555,0.5944600105285645,0
0.50083613,0.50438505,0.6240872871720506,0.3759127128279494,0.49598246812820435,0.5040175318717957,0
0.500204,0.5005691,0.6888478473831947,0.3111521526168052,0.7868306040763855,0.2131693959236145,0
0.50032794,0.50012743,0.7206977644552991,0.2793022355447009,0.6761173009872437,0.32388269901275635,0
0.4987398,0.50174433,0.7124680380639647,0.2875319619360352,0.6479341387748718,0.3520658612251282,1
0.50061285,0.50008726,0.6507294669864236,0.3492705330135764,0.7852568030357361,0.21474319696426392,0
0.500786,0.50097346,0.7028474123703159,0.2971525876296841,0.6674410700798035,0.33255892992019653,1
0.5006086,0.5004718,0.3069323289036637,0.6930676710963363,0.09253072738647461,0.9074692726135254,1
0.5002535,0.5000177,0.7335599868150757,0.2664400131849243,0.813831090927124,0.18616890907287598,0
0.49840018,0.502924,0.7234171675205978,0.2765828324794021,0.8443233966827393,0.15567660331726074,0
0.5001808,0.5000004,0.7335599868150757,0.2664400131849243,0.8086535334587097,0.19134646654129028,0
0.5001527,0.5000793,0.3844256933051863,0.6155743066948137,0.2522051930427551,0.7477948069572449,1
0.50012743,0.49997044,0.7091117914538068,0.2908882085461932,0.6982446908950806,0.30175530910491943,0
0.50018865,0.5000062,0.7295539557829724,0.2704460442170275,0.7882621884346008,0.21173781156539917,1
0.500786,0.50097346,0.7028474123703159,0.2971525876296841,0.6674410700798035,0.33255892992019653,1
0.5001926,0.4999671,0.6296340626594839,0.3703659373405161,0.4870108366012573,0.5129891633987427,1
0.50022113,0.50003016,0.7091117914538068,0.2908882085461932,0.8169153332710266,0.1830846667289734,0
0.5001781,0.49996412,0.7276491757402096,0.2723508242597904,0.6194969415664673,0.3805030584335327,0
0.5001555,0.4999684,0.6626399903136919,0.3373600096863081,0.36885541677474976,0.6311445832252502,1
0.49972066,0.50081176,0.4659569557112553,0.5340430442887447,0.14220589399337769,0.8577941060066223,0
0.5001879,0.49996805,0.7072934300016462,0.2927065699983537,0.7778764367103577,0.22212356328964233,1
0.5007952,0.5000364,0.7091117914538068,0.2908882085461932,0.24229931831359863,0.7577006816864014,0
0.50046754,0.5000875,0.4843563486922818,0.5156436513077182,0.6692008376121521,0.3307991623878479,1
0.4999981,0.50002086,0.7253836723670037,0.2746163276329962,0.6165816187858582,0.38341838121414185,1
0.50041324,0.5002481,0.7340282913051559,0.2659717086948441,0.5523844957351685,0.44761550426483154,1
0.50010955,0.49998975,0.7190295863710797,0.2809704136289203,0.3226436972618103,0.6773563027381897,1
0.5002642,0.50017345,0.7483165151713274,0.2516834848286726,0.7663756012916565,0.2336243987083435,0
0.500098,0.49997067,0.7091117914538068,0.2908882085461932,0.8251730799674988,0.17482692003250122,1
0.50016385,0.50002307,0.5128131295877498,0.4871868704122502,0.37760549783706665,0.6223945021629333,1
0.5009894,0.5006731,0.6831835279509968,0.3168164720490032,0.4995995759963989,0.5004004240036011,1
0.50017416,0.49996597,0.7516579261431272,0.2483420738568727,0.8627763390541077,0.13722366094589233,0
0.50015545,0.49999547,0.7091117914538068,0.2908882085461932,0.8545048236846924,0.14549517631530762,0
0.50197446,0.5006468,0.7043692392577371,0.2956307607422629,0.7242999076843262,0.27570009231567383,0
0.50018644,0.50002897,0.292804632550295,0.707195367449705,0.332420289516449,0.667579710483551,1
0.500138,0.5000851,0.726854938212659,0.273145061787341,0.6311528086662292,0.36884719133377075,1
0.50064945,0.5010698,0.7047030783696319,0.2952969216303681,0.6433007121086121,0.35669928789138794,0
0.5003275,0.5003649,0.6782204584597955,0.3217795415402045,0.7799530029296875,0.2200469970703125,0
0.5001165,0.49997836,0.7190376722035717,0.2809623277964282,0.4491385221481323,0.5508614778518677,0
0.50113565,0.50158936,0.6528059493345354,0.3471940506654646,0.4401739239692688,0.5598260760307312,0
0.5001098,0.49995995,0.7091117914538068,0.2908882085461932,0.8292948007583618,0.17070519924163818,0
0.50030935,0.50007844,0.7091117914538068,0.2908882085461932,0.4554138779640198,0.5445861220359802,1
0.50010896,0.49996734,0.7149059817625187,0.2850940182374812,0.7717609405517578,0.2282390594482422,1
0.5001275,0.49996275,0.4973183654598689,0.502681634540131,0.1276838779449463,0.8723161220550537,1
0.5000395,0.4999708,0.6986916099392947,0.3013083900607053,0.7693343758583069,0.23066562414169312,1
0.5000862,0.5000222,0.6041217327085885,0.3958782672914115,0.348960280418396,0.651039719581604,0
0.49942264,0.50017524,0.7236760145958674,0.2763239854041326,0.23695582151412964,0.7630441784858704,1
0.5001906,0.5000368,0.7234171675205978,0.2765828324794021,0.7120855450630188,0.2879144549369812,0
0.49158484,0.5064561,0.6640820409672353,0.3359179590327646,0.6061277985572815,0.3938722014427185,0
0.50014,0.5000204,0.7091117914538068,0.2908882085461932,0.7265253663063049,0.27347463369369507,1
0.5002637,0.5001038,0.5229287588659888,0.4770712411340112,0.11444473266601562,0.8855552673339844,1
0.501678,0.50301385,0.7325509872445288,0.2674490127554712,0.3956454396247864,0.6043545603752136,0
0.50013256,0.50001234,0.7325509872445288,0.2674490127554712,0.8023306131362915,0.1976693868637085,1
0.50013685,0.5000027,0.7091117914538068,0.2908882085461932,0.7964712977409363,0.20352870225906372,0
0.49942547,0.5007039,0.725914513836331,0.2740854861636689,0.8078423738479614,0.19215762615203857,0
0.5002231,0.49998677,0.5124184536733372,0.4875815463266628,0.27948063611984253,0.7205193638801575,1
0.500349,0.500483,0.7334721103976114,0.2665278896023886,0.8159165978431702,0.18408340215682983,0
0.5004128,0.50022215,0.7227586818425882,0.2772413181574119,0.5731879472732544,0.4268120527267456,1
0.50040376,0.5001315,0.7091117914538068,0.2908882085461932,0.7514715790748596,0.24852842092514038,0
0.500194,0.5000167,0.7091117914538068,0.2908882085461932,0.6390828490257263,0.3609171509742737,0
0.5001748,0.4999975,0.3061786481312966,0.6938213518687034,0.31925636529922485,0.6807436347007751,0
0.5000993,0.49996603,0.7091117914538068,0.2908882085461932,0.8485450744628906,0.15145492553710938,1
0.50026125,0.50016075,0.7534483707353239,0.2465516292646761,0.8090241551399231,0.1909758448600769,1
0.50009507,0.49996543,0.4593834095742024,0.5406165904257976,0.6852788329124451,0.31472116708755493,1
0.5001158,0.4999714,0.2974716783126679,0.702528321687332,0.11729943752288818,0.8827005624771118,1
0.5003602,0.49997866,0.7181718091173106,0.2818281908826894,0.7303367257118225,0.2696632742881775,0
0.4999637,0.49995834,0.71081517109051,0.2891848289094901,0.45661765336990356,0.5433823466300964,1
0.5009918,0.50089824,0.7060888796526905,0.2939111203473095,0.693496584892273,0.30650341510772705,0
0.5002697,0.5000252,0.590106877207816,0.409893122792184,0.5152367949485779,0.4847632050514221,0
0.50009346,0.4999627,0.7091117914538068,0.2908882085461932,0.7161423563957214,0.28385764360427856,1
0.5011909,0.5034616,0.3226869719910648,0.6773130280089352,0.26920032501220703,0.730799674987793,0
0.5001317,0.49998498,0.552046798875691,0.4479532011243091,0.37974846363067627,0.6202515363693237,0
0.5002277,0.50006586,0.71081517109051,0.2891848289094901,0.5509611368179321,0.44903886318206787,1
0.50019306,0.4999926,0.6755866428596574,0.3244133571403426,0.749549150466919,0.25045084953308105,1
0.5001643,0.4999658,0.7280440214722796,0.2719559785277203,0.7208532691001892,0.2791467308998108,0
0.5009371,0.5006316,0.7325509872445288,0.2674490127554712,0.8518469333648682,0.14815306663513184,0
0.50010145,0.49997377,0.7091117914538068,0.2908882085461932,0.6983255743980408,0.30167442560195923,1
0.50022274,0.5000268,0.7091117914538068,0.2908882085461932,0.8617709875106812,0.13822901248931885,1
0.5001099,0.4999876,0.7091117914538068,0.2908882085461932,0.7718853950500488,0.22811460494995117,1
0.50021976,0.50001395,0.7149871559965684,0.2850128440034316,0.8662633299827576,0.13373667001724243,1
0.49991938,0.4999659,0.6572058667329582,0.3427941332670418,0.38336843252182007,0.6166315674781799,1
0.49985206,0.49993885,0.7053515510877177,0.2946484489122822,0.7507720589637756,0.24922794103622437,0
0.50126904,0.5010796,0.3763618296154283,0.6236381703845717,0.22488397359848022,0.7751160264015198,1
0.4976911,0.50324976,0.7243989932069558,0.2756010067930442,0.5477449297904968,0.4522550702095032,1
0.5003079,0.5002906,0.3844256933051863,0.6155743066948137,0.19895899295806885,0.8010410070419312,1
0.5006807,0.50138074,0.7335599868150757,0.2664400131849243,0.6854531168937683,0.3145468831062317,1
0.50042343,0.5006746,0.7600953999799481,0.2399046000200518,0.7145882248878479,0.2854117751121521,1
0.50025374,0.5000235,0.4638826149213058,0.5361173850786942,0.3535515069961548,0.6464484930038452,0
0.5001307,0.4999665,0.7335902742350717,0.2664097257649282,0.821514368057251,0.17848563194274902,0
0.49794993,0.5109509,0.6986945867863655,0.3013054132136344,0.4955448508262634,0.5044551491737366,1
0.5002611,0.5001726,0.6791605247042167,0.3208394752957833,0.6680119037628174,0.3319880962371826,1
0.50016195,0.49999225,0.7007640647020006,0.2992359352979993,0.6725069284439087,0.3274930715560913,0
0.5001398,0.49999225,0.6387323122028956,0.3612676877971044,0.7973781824111938,0.20262181758880615,0
0.5000993,0.49996603,0.7091117914538068,0.2908882085461932,0.8485450744628906,0.15145492553710938,0
0.50020206,0.49999255,0.7424551786820041,0.2575448213179959,0.6825621724128723,0.3174378275871277,0
0.5007451,0.5004103,0.6807151526279125,0.3192848473720875,0.6970528960227966,0.30294710397720337,1
0.49984962,0.49994397,0.7091117914538068,0.2908882085461932,0.5499509572982788,0.4500490427017212,1
0.5002608,0.5000306,0.7428245036109826,0.2571754963890174,0.6250652074813843,0.3749347925186157,1
0.5001,0.49996257,0.7091117914538068,0.2908882085461932,0.7542732357978821,0.24572676420211792,1
0.5001257,0.4999832,0.6902219459722425,0.3097780540277575,0.6172891855239868,0.3827108144760132,1
0.5008579,0.50099003,0.7317922750930979,0.2682077249069021,0.5782372355461121,0.42176276445388794,0
0.50017405,0.49997956,0.7020855505030824,0.2979144494969176,0.835085391998291,0.16491460800170898,1
0.50016624,0.4999702,0.7091117914538068,0.2908882085461932,0.605423629283905,0.39457637071609497,0
0.5001277,0.49998677,0.7325509872445288,0.2674490127554712,0.8612650632858276,0.13873493671417236,0
0.5008514,0.5004643,0.7826219009639795,0.2173780990360204,0.3208739757537842,0.6791260242462158,1
0.5001389,0.5000268,0.732675688839807,0.2673243111601929,0.8365533947944641,0.1634466052055359,0
0.50041574,0.50031996,0.7295539557829724,0.2704460442170275,0.4769740104675293,0.5230259895324707,1
0.5000997,0.49997616,0.6490190350370946,0.3509809649629054,0.5588374733924866,0.4411625266075134,1
0.500165,0.5000195,0.7043692392577371,0.2956307607422629,0.7122151255607605,0.2877848744392395,1
0.49806803,0.4989646,0.6831835279509968,0.3168164720490032,0.5877822041511536,0.41221779584884644,0
0.4999634,0.49996948,0.7419604318542671,0.2580395681457329,0.8462471961975098,0.15375280380249023,1
0.500281,0.5001135,0.7364861685486259,0.2635138314513741,0.767747700214386,0.232252299785614,1
0.50015634,0.49996746,0.7228519595736858,0.2771480404263142,0.7987770438194275,0.2012229561805725,1
0.50010633,0.49997878,0.7091117914538068,0.2908882085461932,0.8182969093322754,0.1817030906677246,0
0.500217,0.5000464,0.7091117914538068,0.2908882085461932,0.8215208053588867,0.17847919464111328,1
0.50228673,0.50378996,0.50140005299522,0.49859994700478,0.16574227809906006,0.8342577219009399,1
0.49875605,0.50053674,0.6454520287236463,0.3545479712763537,0.2711127996444702,0.7288872003555298,1
0.50010103,0.49998498,0.6817129148549557,0.3182870851450444,0.47140300273895264,0.5285969972610474,1
0.5001652,0.5000276,0.7317601146977613,0.2682398853022388,0.7696653008460999,0.23033469915390015,0
0.5014468,0.50101125,0.5140084380767498,0.4859915619232502,0.1604769229888916,0.8395230770111084,0
0.5002545,0.49998736,0.7325509872445288,0.2674490127554712,0.65899658203125,0.34100341796875,0
0.50017095,0.49996316,0.7091117914538068,0.2908882085461932,0.41731971502304077,0.5826802849769592,1
0.5000974,0.4999652,0.7091117914538068,0.2908882085461932,0.7109090089797974,0.28909099102020264,0
0.50054294,0.50015074,0.7091117914538068,0.2908882085461932,0.8298671245574951,0.17013287544250488,0
0.5053866,0.4974996,0.7004400719241954,0.2995599280758045,0.6736994385719299,0.32630056142807007,0
0.5027633,0.5024981,0.4536819050443919,0.5463180949556081,0.21281540393829346,0.7871845960617065,1
0.5001451,0.4999627,0.7189519032819185,0.2810480967180815,0.841463029384613,0.15853697061538696,0
0.50029075,0.50018084,0.7447011053497878,0.2552988946502121,0.6240031719207764,0.37599682807922363,1
0.5001926,0.4999671,0.6296340626594839,0.3703659373405161,0.4870108366012573,0.5129891633987427,0
0.5002156,0.5000478,0.7091117914538068,0.2908882085461932,0.7458643913269043,0.2541356086730957,1
0.5002742,0.50013375,0.71081517109051,0.2891848289094901,0.6898365020751953,0.3101634979248047,0
0.50020355,0.49997103,0.6686419335068731,0.3313580664931269,0.6146167516708374,0.3853832483291626,0
0.5003257,0.50026655,0.7534483707353239,0.2465516292646761,0.8109464049339294,0.18905359506607056,0
0.50011796,0.4999628,0.7091117914538068,0.2908882085461932,0.5959925055503845,0.4040074944496155,1
0.501678,0.50301385,0.7325509872445288,0.2674490127554712,0.40793973207473755,0.5920602679252625,1
0.50042737,0.5002692,0.6667978769179868,0.3332021230820132,0.5493593811988831,0.45064061880111694,1
0.49979421,0.49997914,0.4775159292193571,0.5224840707806429,0.12693238258361816,0.8730676174163818,1
0.50144255,0.50087965,0.7247304254879736,0.2752695745120263,0.3702613115310669,0.6297386884689331,0
0.5012972,0.5016568,0.7240677437812082,0.2759322562187918,0.6209397912025452,0.37906020879745483,0
0.5000917,0.49998665,0.7091117914538068,0.2908882085461932,0.6981610059738159,0.3018389940261841,0
0.5006915,0.5000216,0.7621633508860883,0.2378366491139117,0.5789827108383179,0.42101728916168213,0
0.49814096,0.5004962,0.7091117914538068,0.2908882085461932,0.11805635690689087,0.8819436430931091,1
0.5002261,0.5002505,0.4586926567324069,0.5413073432675931,0.24801361560821533,0.7519863843917847,0
0.50011104,0.5000001,0.7091117914538068,0.2908882085461932,0.7303728461265564,0.2696271538734436,0
0.50085753,0.50028294,0.677381775219583,0.3226182247804169,0.279674232006073,0.720325767993927,0
0.5001023,0.49997443,0.762146094516916,0.237853905483084,0.7906550168991089,0.2093449831008911,0
0.50010574,0.49996638,0.7091117914538068,0.2908882085461932,0.8544369339942932,0.1455630660057068,0
0.5012288,0.5015786,0.6946439087058068,0.3053560912941931,0.33026474714279175,0.6697352528572083,1
0.5000883,0.49997967,0.7091117914538068,0.2908882085461932,0.778093695640564,0.22190630435943604,1
0.5001026,0.50001055,0.6935490519389955,0.3064509480610044,0.267250657081604,0.732749342918396,1
0.50073045,0.50049484,0.7295539557829724,0.2704460442170275,0.5530884265899658,0.4469115734100342,0
0.50015163,0.50000376,0.4692192080290308,0.5307807919709692,0.34948569536209106,0.6505143046379089,1
0.5001201,0.50001395,0.7651099451314658,0.2348900548685342,0.7341045141220093,0.2658954858779907,0
0.5015169,0.50102204,0.3488299063776706,0.6511700936223294,0.34880387783050537,0.6511961221694946,1
0.5002348,0.49999595,0.7317601146977613,0.2682398853022388,0.734070360660553,0.265929639339447,0
0.50058454,0.50036687,0.7267354018939005,0.2732645981060995,0.5637500286102295,0.4362499713897705,1
0.50179404,0.50189805,0.7650372533564056,0.2349627466435944,0.8526051640510559,0.1473948359489441,0
0.50328666,0.50129294,0.6661613598326684,0.3338386401673315,0.40856772661209106,0.5914322733879089,0
0.5002682,0.50002795,0.6260461616617332,0.3739538383382667,0.45402973890304565,0.5459702610969543,1
0.5005359,0.50125206,0.7409077402139497,0.2590922597860504,0.670131504535675,0.32986849546432495,0
0.5000993,0.49996668,0.7091117914538068,0.2908882085461932,0.6838645935058594,0.3161354064941406,0
0.500575,0.5008901,0.4458855189784109,0.5541144810215891,0.24263614416122437,0.7573638558387756,1
0.5002682,0.50002795,0.6260461616617332,0.3739538383382667,0.45402973890304565,0.5459702610969543,0
0.5002188,0.5000178,0.7431634325869192,0.2568365674130807,0.604194700717926,0.395805299282074,0
0.5000996,0.49997646,0.7091117914538068,0.2908882085461932,0.7762954831123352,0.2237045168876648,1
0.5004581,0.5000573,0.7091117914538068,0.2908882085461932,0.5925425291061401,0.40745747089385986,1
0.5001101,0.49997878,0.7163919534881471,0.2836080465118528,0.7491687536239624,0.2508312463760376,0
0.5001452,0.49996495,0.6296340626594839,0.3703659373405161,0.5397970080375671,0.46020299196243286,1
0.5001868,0.49997807,0.7247304254879736,0.2752695745120263,0.784523069858551,0.21547693014144897,0
0.5001258,0.49996108,0.7015764312883794,0.2984235687116205,0.6994925737380981,0.30050742626190186,1
0.50034314,0.500104,0.7091117914538068,0.2908882085461932,0.3229522705078125,0.6770477294921875,0
0.5002361,0.49998456,0.7527613221199927,0.2472386778800073,0.678024411201477,0.32197558879852295,0
0.5001495,0.4999689,0.7091117914538068,0.2908882085461932,0.83765709400177,0.16234290599822998,1
0.4961434,0.50295573,0.7298975751557961,0.2701024248442039,0.812214732170105,0.18778526782989502,0
0.500217,0.5000464,0.7091117914538068,0.2908882085461932,0.8215208053588867,0.17847919464111328,0
0.5001317,0.49998498,0.552046798875691,0.4479532011243091,0.37974846363067627,0.6202515363693237,1
0.5002029,0.50004965,0.7192751143175241,0.2807248856824759,0.7172918915748596,0.2827081084251404,0
0.5005475,0.50008935,0.7523429109292322,0.2476570890707677,0.7234964370727539,0.2765035629272461,0
0.49944273,0.5009995,0.762863989052849,0.2371360109471509,0.8039942383766174,0.19600576162338257,0
0.5001277,0.49998677,0.7325509872445288,0.2674490127554712,0.8612650632858276,0.13873493671417236,1
0.50011146,0.5000029,0.717960011390217,0.2820399886097829,0.753361165523529,0.24663883447647095,0
0.50127804,0.5021809,0.7041124673298425,0.2958875326701576,0.33608460426330566,0.6639153957366943,1
0.5001266,0.4999616,0.7091117914538068,0.2908882085461932,0.2518506646156311,0.7481493353843689,0
0.50018865,0.5000062,0.7295539557829724,0.2704460442170275,0.7882621884346008,0.21173781156539917,1
0.4924853,0.5066815,0.7470089333894983,0.2529910666105017,0.7956646680831909,0.20433533191680908,0
0.5029119,0.50270295,0.7181255916368663,0.2818744083631337,0.3239023685455322,0.6760976314544678,0
0.50011754,0.500003,0.7395230314765044,0.2604769685234956,0.8117994070053101,0.18820059299468994,1
0.5004509,0.5000433,0.71081517109051,0.2891848289094901,0.7597119808197021,0.24028801918029785,0
0.5001528,0.50006604,0.770333130810837,0.229666869189163,0.7661213874816895,0.23387861251831055,0
0.50014144,0.49996424,0.7091117914538068,0.2908882085461932,0.7645794153213501,0.2354205846786499,0
0.5001046,0.4999776,0.7091117914538068,0.2908882085461932,0.8687320947647095,0.13126790523529053,0
0.5001504,0.50006926,0.7325509872445288,0.2674490127554712,0.7722068428993225,0.2277931571006775,0
0.5002038,0.5017546,0.6458781773913072,0.3541218226086929,0.35041821002960205,0.649581789970398,1
0.50013936,0.50005585,0.6766347003867625,0.3233652996132375,0.7836654186248779,0.21633458137512207,1
0.49939755,0.50052536,0.4897133286018686,0.5102866713981313,0.4074760675430298,0.5925239324569702,1
0.5001327,0.49996078,0.7091117914538068,0.2908882085461932,0.2690703272819519,0.7309296727180481,1
0.500162,0.4999975,0.6296340626594839,0.3703659373405161,0.5889720916748047,0.4110279083251953,0
0.5001307,0.4999665,0.7335902742350717,0.2664097257649282,0.821514368057251,0.17848563194274902,1
0.50016093,0.499982,0.5085484487835881,0.4914515512164119,0.6138719916343689,0.3861280083656311,1
0.4999634,0.49996948,0.7419604318542671,0.2580395681457329,0.8462471961975098,0.15375280380249023,0
0.50043046,0.5006106,0.5510422348452311,0.4489577651547689,0.2329813838005066,0.7670186161994934,1
0.50022286,0.50007296,0.7091117914538068,0.2908882085461932,0.5801641345024109,0.4198358654975891,0
0.5002926,0.5001612,0.6766347003867625,0.3233652996132375,0.8588469624519348,0.14115303754806519,0
0.50078434,0.500611,0.7750008423557129,0.2249991576442871,0.7652296423912048,0.23477035760879517,0
0.500287,0.5001487,0.7383884722419085,0.2616115277580915,0.7890902757644653,0.21090972423553467,0
0.50013644,0.5000623,0.7325509872445288,0.2674490127554712,0.8354688882827759,0.16453111171722412,1
0.5001185,0.4999615,0.7091117914538068,0.2908882085461932,0.8403807282447815,0.1596192717552185,1
0.50207776,0.5017162,0.7043692392577371,0.2956307607422629,0.6343629956245422,0.36563700437545776,0
0.50002,0.49999273,0.7043692392577371,0.2956307607422629,0.6840385794639587,0.31596142053604126,1
0.50014144,0.5000637,0.7744385287132751,0.2255614712867248,0.7328287959098816,0.2671712040901184,1
0.50042933,0.50114906,0.7091117914538068,0.2908882085461932,0.7704150676727295,0.2295849323272705,0
0.50022197,0.5001176,0.6924125472507399,0.3075874527492601,0.6756220459938049,0.32437795400619507,1
0.5002212,0.5000083,0.7091117914538068,0.2908882085461932,0.6580311059951782,0.3419688940048218,0
0.50010574,0.49997663,0.7091117914538068,0.2908882085461932,0.5889919996261597,0.41100800037384033,0
0.5001026,0.49996173,0.7091117914538068,0.2908882085461932,0.7639827132225037,0.23601728677749634,0
0.5000979,0.49997497,0.4555971578374026,0.5444028421625974,0.14817380905151367,0.8518261909484863,1
0.50062525,0.50017655,0.5139063301792401,0.4860936698207598,0.24014073610305786,0.7598592638969421,0
0.5002,0.49999988,0.7458494880772705,0.2541505119227295,0.7624780535697937,0.2375219464302063,0
0.50345457,0.5037841,0.6952463373535411,0.3047536626464588,0.40714746713638306,0.5928525328636169,1
0.5024375,0.5028407,0.6982490797180065,0.3017509202819934,0.6913327574729919,0.30866724252700806,0
0.5001373,0.49997473,0.3763618296154283,0.6236381703845717,0.29847443103790283,0.7015255689620972,0
0.49278638,0.50195783,0.6751196839437528,0.3248803160562472,0.5687060952186584,0.43129390478134155,0
0.49876922,0.49961865,0.7423242869755171,0.2576757130244828,0.6746411323547363,0.32535886764526367,1
0.5001013,0.5000106,0.7310389746966592,0.2689610253033408,0.7782930731773376,0.22170692682266235,0
0.5001652,0.5000276,0.7317601146977613,0.2682398853022388,0.7696653008460999,0.23033469915390015,1
0.5001665,0.4999876,0.7091117914538068,0.2908882085461932,0.6867244243621826,0.3132755756378174,1
0.5021791,0.50412405,0.7268119657144896,0.2731880342855103,0.82737797498703,0.17262202501296997,1
0.50014395,0.49996376,0.7091117914538068,0.2908882085461932,0.8301623463630676,0.16983765363693237,0
0.50033224,0.5007014,0.7091117914538068,0.2908882085461932,0.4271593689918518,0.5728406310081482,0
0.5001353,0.499969,0.7149871559965684,0.2850128440034316,0.787813127040863,0.21218687295913696,0
0.5003039,0.5001684,0.7091117914538068,0.2908882085461932,0.4717726707458496,0.5282273292541504,1
0.5002323,0.5000116,0.7744385287132751,0.2255614712867248,0.8840055465698242,0.11599445343017578,0
0.50024,0.5010526,0.7091117914538068,0.2908882085461932,0.4715282917022705,0.5284717082977295,1
0.50012535,0.49996275,0.6554871823596343,0.3445128176403657,0.330313503742218,0.669686496257782,0
0.50213337,0.5024591,0.7250154435341545,0.2749845564658454,0.7644141912460327,0.23558580875396729,1
0.50015634,0.49996746,0.7228519595736858,0.2771480404263142,0.7987770438194275,0.2012229561805725,0
0.50013936,0.50005585,0.6766347003867625,0.3233652996132375,0.7798433303833008,0.22015666961669922,0
0.50015706,0.4999907,0.6526466774886088,0.3473533225113911,0.40553998947143555,0.5944600105285645,1
0.5001478,0.499965,0.7091117914538068,0.2908882085461932,0.809465765953064,0.19053423404693604,0
0.50013316,0.4999789,0.7091117914538068,0.2908882085461932,0.8122346997261047,0.18776530027389526,0
0.50026685,0.50009215,0.7235581858742968,0.2764418141257032,0.7185332775115967,0.2814667224884033,0
0.5002662,0.49997813,0.6989999881058708,0.3010000118941291,0.7037599682807922,0.29624003171920776,0
0.50217026,0.50246394,0.750446012913511,0.249553987086489,0.7078477740287781,0.2921522259712219,0
0.5029218,0.5013293,0.6519239642103466,0.3480760357896534,0.5706905126571655,0.4293094873428345,1
0.5002004,0.5000774,0.7523150183956826,0.2476849816043173,0.8601798415184021,0.1398201584815979,0
0.50056595,0.5001733,0.643396053917582,0.3566039460824179,0.6490204930305481,0.3509795069694519,1
0.500238,0.4999802,0.7091117914538068,0.2908882085461932,0.7151170969009399,0.28488290309906006,1
0.5000974,0.4999652,0.7091117914538068,0.2908882085461932,0.7109090089797974,0.28909099102020264,1
0.50058365,0.50019914,0.5916993631613694,0.4083006368386306,0.4155762791633606,0.5844237208366394,1
0.49296698,0.49907914,0.4817711480658722,0.5182288519341278,0.7297855019569397,0.2702144980430603,0
0.4997259,0.50218534,0.7428245036109826,0.2571754963890174,0.42439377307891846,0.5756062269210815,1
0.5009633,0.5008706,0.7308267941684432,0.2691732058315567,0.8074406981468201,0.19255930185317993,0
0.50083613,0.50438505,0.6240872871720506,0.3759127128279494,0.49598246812820435,0.5040175318717957,1
0.50010145,0.49997377,0.7091117914538068,0.2908882085461932,0.6983255743980408,0.30167442560195923,0
0.5003734,0.5001827,0.7418982285343261,0.2581017714656738,0.7460467219352722,0.2539532780647278,0
0.50022,0.5000755,0.7190295863710797,0.2809704136289203,0.8203802704811096,0.17961972951889038,0
0.4997648,0.5000339,0.7124680380639647,0.2875319619360352,0.7323400974273682,0.26765990257263184,0
0.50069237,0.5003975,0.7091117914538068,0.2908882085461932,0.6184167265892029,0.3815832734107971,0
0.50015545,0.49999547,0.7091117914538068,0.2908882085461932,0.8545048236846924,0.14549517631530762,1
0.5001623,0.5000539,0.71081517109051,0.2891848289094901,0.7660301923751831,0.2339698076248169,0
0.50015116,0.49999076,0.7228519595736858,0.2771480404263142,0.8206491470336914,0.1793508529663086,0
0.5002697,0.5000252,0.590106877207816,0.409893122792184,0.47536253929138184,0.5246374607086182,1
0.50011015,0.49998927,0.7091117914538068,0.2908882085461932,0.8266333937644958,0.17336660623550415,0
0.50059247,0.5004568,0.7176360578233587,0.2823639421766413,0.4126284122467041,0.5873715877532959,1
0.50025713,0.5001075,0.7218787267455058,0.2781212732544942,0.8315679430961609,0.1684320569038391,0
0.5001452,0.49996495,0.6296340626594839,0.3703659373405161,0.5397970080375671,0.46020299196243286,0
0.50012785,0.49996293,0.7091117914538068,0.2908882085461932,0.7299429178237915,0.2700570821762085,0
0.50018775,0.500041,0.4638826149213058,0.5361173850786942,0.5748564600944519,0.4251435399055481,0
0.50020444,0.50001687,0.721029252817515,0.278970747182485,0.2932855486869812,0.7067144513130188,1
0.5003906,0.500149,0.7250154435341545,0.2749845564658454,0.6406278610229492,0.3593721389770508,0
0.49595636,0.50152665,0.7091117914538068,0.2908882085461932,0.7892091274261475,0.21079087257385254,1
0.49998307,0.49996138,0.7091117914538068,0.2908882085461932,0.40069347620010376,0.5993065237998962,1
0.5008236,0.50111264,0.7325509872445288,0.2674490127554712,0.6763335466384888,0.32366645336151123,1
0.5002261,0.5002505,0.4586926567324069,0.5413073432675931,0.24801361560821533,0.7519863843917847,1
0.48751363,0.5013651,0.7124680380639647,0.2875319619360352,0.7911589741706848,0.20884102582931519,0
0.50012684,0.49996305,0.4638826149213058,0.5361173850786942,0.498232364654541,0.501767635345459,1
0.50029194,0.5001423,0.7091117914538068,0.2908882085461932,0.3991875648498535,0.6008124351501465,0
0.49359167,0.5082782,0.7028474123703159,0.2971525876296841,0.4510919451713562,0.5489080548286438,1
0.50063187,0.5005983,0.7496211647545143,0.2503788352454856,0.7588607668876648,0.2411392331123352,0
0.5000061,0.5000544,0.4586926567324069,0.5413073432675931,0.24218261241912842,0.7578173875808716,1
0.50016606,0.49996632,0.7462882659796628,0.2537117340203371,0.7913336753845215,0.20866632461547852,0
0.50011873,0.49999416,0.7091117914538068,0.2908882085461932,0.7455990314483643,0.25440096855163574,1
0.5001498,0.4999615,0.7405704506293118,0.2594295493706882,0.3067321181297302,0.6932678818702698,1
0.50281423,0.5044824,0.6957876554572271,0.3042123445427728,0.5041629076004028,0.49583709239959717,0
0.5001204,0.5000511,0.7286917499588155,0.2713082500411845,0.5249168276786804,0.4750831723213196,0
0.5001879,0.50006086,0.7287652919576586,0.2712347080423413,0.6132481098175049,0.3867518901824951,0
0.50072825,0.50067055,0.3507193204626387,0.6492806795373612,0.20977842807769775,0.7902215719223022,1
0.50004566,0.4999702,0.3779067812655168,0.6220932187344832,0.0884305238723756,0.9115694761276244,1
0.50143874,0.49996328,0.6158531628360608,0.3841468371639391,0.6210142970085144,0.3789857029914856,1
0.50001246,0.50018066,0.7091117914538068,0.2908882085461932,0.4457716941833496,0.5542283058166504,0
0.500287,0.5001487,0.7383884722419085,0.2616115277580915,0.7890902757644653,0.21090972423553467,1
0.5001046,0.4999776,0.7091117914538068,0.2908882085461932,0.8687320947647095,0.13126790523529053,1
0.5006012,0.5004994,0.6909225548647183,0.3090774451352817,0.43615591526031494,0.5638440847396851,1
0.50010955,0.49998975,0.7190295863710797,0.2809704136289203,0.3226436972618103,0.6773563027381897,0
0.49979421,0.49997914,0.4775159292193571,0.5224840707806429,0.12693238258361816,0.8730676174163818,1
0.5002608,0.5000306,0.7428245036109826,0.2571754963890174,0.6250652074813843,0.3749347925186157,0
0.5010364,0.50033224,0.7472529491092723,0.2527470508907277,0.7967867851257324,0.20321321487426758,0
0.5003562,0.5003696,0.7040603930495049,0.2959396069504951,0.56235671043396,0.43764328956604004,1
0.5000089,0.4999615,0.7511765382932231,0.2488234617067769,0.8836105465888977,0.1163894534111023,0
0.50002706,0.5002092,0.5921975901456813,0.4078024098543186,0.7149279713630676,0.2850720286369324,0
0.5035761,0.5015765,0.7523429109292322,0.2476570890707677,0.7444788813591003,0.25552111864089966,0
0.5002361,0.49998456,0.7527613221199927,0.2472386778800073,0.678024411201477,0.32197558879852295,1
0.49742177,0.5009031,0.7287652919576586,0.2712347080423413,0.5599093437194824,0.4400906562805176,1
0.500448,0.5005172,0.7377788893250866,0.2622211106749134,0.7205581665039062,0.27944183349609375,1
0.5010588,0.50009114,0.7091117914538068,0.2908882085461932,0.7027106285095215,0.2972893714904785,0
0.5003037,0.500024,0.7744385287132751,0.2255614712867248,0.7445400953292847,0.25545990467071533,0
0.5005965,0.5001049,0.7216576492588367,0.2783423507411633,0.8124358654022217,0.18756413459777832,0
0.5017705,0.50195056,0.762863989052849,0.2371360109471509,0.8500182032585144,0.1499817967414856,0
0.4988517,0.49981505,0.7228519595736858,0.2771480404263142,0.8399569988250732,0.16004300117492676,0
0.50001246,0.50018066,0.7091117914538068,0.2908882085461932,0.4457716941833496,0.5542283058166504,1
0.50016195,0.49999225,0.7007640647020006,0.2992359352979993,0.6725069284439087,0.3274930715560913,1
0.5002973,0.5002176,0.6692092066195585,0.3307907933804414,0.8008947968482971,0.19910520315170288,1
0.5004659,0.500529,0.7091117914538068,0.2908882085461932,0.6496500372886658,0.35034996271133423,0
0.5001715,0.5000269,0.7511765382932231,0.2488234617067769,0.3486717939376831,0.6513282060623169,1
0.5002067,0.5000183,0.4843563486922818,0.5156436513077182,0.35523521900177,0.64476478099823,1
0.50010824,0.49997163,0.7091117914538068,0.2908882085461932,0.8752296566963196,0.12477034330368042,1
0.49715397,0.50149345,0.7124680380639647,0.2875319619360352,0.4807288646697998,0.5192711353302002,1
0.5003781,0.5002632,0.7176372190555604,0.2823627809444396,0.4512004852294922,0.5487995147705078,1
0.50034285,0.5002147,0.7053344438483948,0.2946655561516051,0.6956347227096558,0.30436527729034424,1
0.5002662,0.49997813,0.6989999881058708,0.3010000118941291,0.7037599682807922,0.29624003171920776,1
0.5006308,0.5003288,0.693471326720564,0.306528673279436,0.7120320796966553,0.2879679203033447,1
0.50023437,0.50131845,0.7338373809125016,0.2661626190874984,0.8124451041221619,0.18755489587783813,0
0.50009793,0.4999643,0.6387323122028956,0.3612676877971044,0.8538296222686768,0.14617037773132324,0
0.5003668,0.5009082,0.7091117914538068,0.2908882085461932,0.7780287265777588,0.2219712734222412,0
0.5004624,0.5002272,0.7149043137381319,0.2850956862618681,0.8302517533302307,0.1697482466697693,0
0.5001165,0.49997836,0.7190376722035717,0.2809623277964282,0.4491385221481323,0.5508614778518677,0
0.5001196,0.49999654,0.7091117914538068,0.2908882085461932,0.7222596406936646,0.27774035930633545,1
0.5001083,0.4999609,0.7091117914538068,0.2908882085461932,0.8764485120773315,0.12355148792266846,0
0.5009752,0.5004325,0.7295539557829724,0.2704460442170275,0.7716498374938965,0.22835016250610352,0
0.5002697,0.5000252,0.590106877207816,0.409893122792184,0.5152367949485779,0.4847632050514221,1
0.50013757,0.49996197,0.7091117914538068,0.2908882085461932,0.7771672606468201,0.22283273935317993,1
0.50035375,0.5001259,0.4218833947528966,0.5781166052471034,0.22279155254364014,0.7772084474563599,1
0.50059515,0.50011754,0.7216790531989079,0.2783209468010921,0.6868605613708496,0.3131394386291504,0
0.4916135,0.50051516,0.7043692392577371,0.2956307607422629,0.7435941696166992,0.2564058303833008,1
0.5000784,0.49997586,0.7091117914538068,0.2908882085461932,0.8142477869987488,0.18575221300125122,0
0.5006448,0.5004891,0.3844256933051863,0.6155743066948137,0.40753453969955444,0.5924654603004456,0
0.500057,0.5000043,0.7091117914538068,0.2908882085461932,0.7387781143188477,0.26122188568115234,1
0.50044644,0.50017816,0.3507193204626387,0.6492806795373612,0.2703405022621155,0.7296594977378845,0
0.50055856,0.50016844,0.5584880306084719,0.4415119693915281,0.37380707263946533,0.6261929273605347,1
0.5001052,0.49997896,0.7310389746966592,0.2689610253033408,0.8413509726524353,0.1586490273475647,1
0.50040436,0.5001299,0.590736592391776,0.409263407608224,0.11314171552658081,0.8868582844734192,0
0.5001991,0.49997848,0.7366359413216403,0.2633640586783596,0.7993468642234802,0.20065313577651978,0
0.50048053,0.5008998,0.658861834879898,0.341138165120102,0.3112720847129822,0.6887279152870178,1
0.5003216,0.50009674,0.7325509872445288,0.2674490127554712,0.9076329469680786,0.09236705303192139,0
0.50123006,0.50202554,0.6824670436968787,0.3175329563031212,0.7090117931365967,0.2909882068634033,1
0.5001926,0.4999671,0.6296340626594839,0.3703659373405161,0.4870108366012573,0.5129891633987427,0
0.49731275,0.5003851,0.4594902114457462,0.5405097885542538,0.1438313126564026,0.8561686873435974,1
0.5005287,0.5001804,0.7374234476893152,0.2625765523106848,0.779756486415863,0.22024351358413696,0
0.50034314,0.500104,0.7091117914538068,0.2908882085461932,0.3229522705078125,0.6770477294921875,1
0.50034463,0.5002172,0.7362227683394391,0.2637772316605609,0.7920652031898499,0.20793479681015015,1
0.50011706,0.49997205,0.7091117914538068,0.2908882085461932,0.8803620338439941,0.11963796615600586,0
0.5006073,0.50045913,0.7484637695550195,0.2515362304449805,0.6911546587944031,0.3088453412055969,0
0.50016487,0.49998087,0.5629891160189755,0.4370108839810245,0.741864800453186,0.25813519954681396,0
0.5013911,0.50171775,0.7298373485221504,0.2701626514778495,0.7699675559997559,0.23003244400024414,0
0.5002167,0.50255525,0.3970658965262555,0.6029341034737444,0.13589036464691162,0.8641096353530884,1
0.50137055,0.5003954,0.7058220084561582,0.2941779915438418,0.660957932472229,0.339042067527771,1
0.50016624,0.5000819,0.6541430030734254,0.3458569969265745,0.6321094632148743,0.36789053678512573,0
0.5001266,0.4999616,0.7091117914538068,0.2908882085461932,0.2518506646156311,0.7481493353843689,1
0.49993014,0.49994254,0.7147484184255195,0.2852515815744804,0.8190483450889587,0.18095165491104126,1
0.50021607,0.49997234,0.7245061386662852,0.2754938613337148,0.7971870303153992,0.20281296968460083,0
0.50034577,0.5000213,0.7480547628187586,0.2519452371812414,0.6722465753555298,0.3277534246444702,0
0.5012735,0.50049156,0.7472215731349219,0.2527784268650782,0.6774255633354187,0.3225744366645813,0
0.49986145,0.4999709,0.7070489569307974,0.2929510430692026,0.6056838035583496,0.3943161964416504,1
0.49999595,0.49997163,0.7297113463306274,0.2702886536693726,0.8502728939056396,0.14972710609436035,0
0.49133834,0.499543,0.6671087051894821,0.3328912948105179,0.7192983031272888,0.2807016968727112,0
0.501909,0.5020957,0.7227586818425882,0.2772413181574119,0.7781825661659241,0.22181743383407593,0
0.50011957,0.4999724,0.7091117914538068,0.2908882085461932,0.8732766509056091,0.12672334909439087,0
0.5001415,0.49996293,0.7249220574789765,0.2750779425210234,0.7464121580123901,0.25358784198760986,1
0.506486,0.50010914,0.6876738825459644,0.3123261174540356,0.5034739971160889,0.49652600288391113,1
0.49972066,0.50081176,0.4659569557112553,0.5340430442887447,0.14220589399337769,0.8577941060066223,1
0.50032747,0.5000801,0.71081517109051,0.2891848289094901,0.6775424480438232,0.32245755195617676,0
0.50030655,0.5003713,0.7091117914538068,0.2908882085461932,0.6415967345237732,0.3584032654762268,1
0.5003602,0.49997866,0.7181718091173106,0.2818281908826894,0.7303367257118225,0.2696632742881775,1
0.5002832,0.5001675,0.4897133286018686,0.5102866713981313,0.36325573921203613,0.6367442607879639,1
0.50037986,0.5002219,0.587815306247147,0.412184693752853,0.4053664803504944,0.5946335196495056,0
0.49973598,0.49993312,0.7698744099344867,0.2301255900655132,0.8736444115638733,0.1263555884361267,0
0.5002619,0.50001335,0.7699572867612662,0.2300427132387338,0.8480368852615356,0.15196311473846436,0
0.5001041,0.49997038,0.7060888796526905,0.2939111203473095,0.5448492169380188,0.4551507830619812,0
0.50039953,0.5001302,0.7377332568800496,0.2622667431199504,0.7443845272064209,0.2556154727935791,0
0.50056595,0.5001733,0.643396053917582,0.3566039460824179,0.6490204930305481,0.3509795069694519,0
0.500219,0.4999689,0.7177178722251734,0.2822821277748266,0.7045621275901794,0.29543787240982056,0
0.5001189,0.50001043,0.7310389746966592,0.2689610253033408,0.8310067653656006,0.16899323463439941,0
0.5002,0.49999988,0.7458494880772705,0.2541505119227295,0.7624780535697937,0.2375219464302063,1
0.50011724,0.49996173,0.2216360361489551,0.7783639638510449,0.20061719417572021,0.7993828058242798,0
0.5001839,0.5000328,0.750446012913511,0.249553987086489,0.6462721824645996,0.3537278175354004,0
0.5000569,0.4999833,0.6905865335937346,0.3094134664062654,0.6120222210884094,0.3879777789115906,1
0.50037986,0.5002219,0.587815306247147,0.412184693752853,0.4053664803504944,0.5946335196495056,0
0.50009775,0.49996012,0.7091117914538068,0.2908882085461932,0.7127707600593567,0.2872292399406433,1
0.4965451,0.5013094,0.7053515510877177,0.2946484489122822,0.6237577795982361,0.3762422204017639,1
0.5001715,0.5000269,0.7511765382932231,0.2488234617067769,0.3486717939376831,0.6513282060623169,0
0.5001402,0.49997115,0.7099448648785465,0.2900551351214535,0.8130486011505127,0.1869513988494873,1
0.500158,0.4999709,0.7091117914538068,0.2908882085461932,0.41237109899520874,0.5876289010047913,0
0.50065035,0.50004536,0.3792496903361132,0.6207503096638868,0.14282923936843872,0.8571707606315613,1
0.5001284,0.49996275,0.7091117914538068,0.2908882085461932,0.7221933007240295,0.27780669927597046,1
0.5001979,0.50007606,0.5139063301792401,0.4860936698207598,0.36206334829330444,0.6379366517066956,0
0.5006602,0.50053364,0.7383401729907485,0.2616598270092515,0.7450829744338989,0.2549170255661011,0
0.50063646,0.5003979,0.4554680554802064,0.5445319445197936,0.18086135387420654,0.8191386461257935,1
0.50018,0.49996895,0.7744385287132751,0.2255614712867248,0.827883780002594,0.172116219997406,0
0.49226204,0.50102043,0.3488299063776706,0.6511700936223294,0.27065038681030273,0.7293496131896973,1
0.500487,0.50027406,0.71081517109051,0.2891848289094901,0.7170023918151855,0.28299760818481445,1
0.5006202,0.5005275,0.6363068837949173,0.3636931162050826,0.39337438344955444,0.6066256165504456,1
0.5000395,0.4999708,0.6986916099392947,0.3013083900607053,0.7693343758583069,0.23066562414169312,0
0.5004249,0.5004184,0.7760343433142153,0.2239656566857847,0.7943862080574036,0.20561379194259644,0
0.5003039,0.5001684,0.7091117914538068,0.2908882085461932,0.4717726707458496,0.5282273292541504,0
0.50062376,0.50278467,0.338752749251679,0.661247250748321,0.20957612991333008,0.7904238700866699,1
0.50323814,0.5022547,0.707339121705902,0.2926608782940981,0.7913833260536194,0.20861667394638062,1
0.5001358,0.49996388,0.7091117914538068,0.2908882085461932,0.7769712209701538,0.2230287790298462,1
0.5028242,0.5032723,0.4815537760270642,0.5184462239729358,0.16631817817687988,0.8336818218231201,1
0.50033635,0.50014514,0.7325509872445288,0.2674490127554712,0.8028750419616699,0.19712495803833008,0
0.50012743,0.49997044,0.7091117914538068,0.2908882085461932,0.6982446908950806,0.30175530910491943,1
0.5001144,0.49996287,0.7091117914538068,0.2908882085461932,0.8177703619003296,0.1822296380996704,0
0.5004087,0.50020564,0.7149871559965684,0.2850128440034316,0.6662395596504211,0.33376044034957886,1
0.4999164,0.49997628,0.7325509872445288,0.2674490127554712,0.6884666681289673,0.3115333318710327,1
0.4973439,0.5042941,0.7250154435341545,0.2749845564658454,0.24569332599639893,0.7543066740036011,1
0.5001748,0.4999975,0.3061786481312966,0.6938213518687034,0.31925636529922485,0.6807436347007751,1
0.5006046,0.5002842,0.7099690962650818,0.2900309037349182,0.7173372507095337,0.2826627492904663,0
0.5000351,0.50070524,0.7636305484507461,0.2363694515492539,0.39556455612182617,0.6044354438781738,1
0.50035363,0.5001544,0.356659907461347,0.643340092538653,0.21115905046463013,0.7888409495353699,1
0.50030655,0.5003713,0.7091117914538068,0.2908882085461932,0.6415967345237732,0.3584032654762268,0
0.5015588,0.5002064,0.7287942808309713,0.2712057191690287,0.7356188893318176,0.2643811106681824,0
0.50095916,0.5001091,0.7630599555763075,0.2369400444236925,0.8295727968215942,0.17042720317840576,1
0.50041986,0.50019175,0.6671068096733581,0.3328931903266419,0.42164021730422974,0.5783597826957703,0
0.500184,0.4999665,0.8640593398060381,0.1359406601939619,0.8553432822227478,0.1446567177772522,0
0.49947497,0.5001321,0.7458494880772705,0.2541505119227295,0.7161701321601868,0.28382986783981323,1
0.50027984,0.5001161,0.6965405254002991,0.3034594745997009,0.4517812132835388,0.5482187867164612,0
0.5001713,0.5000751,0.6729755319325148,0.3270244680674851,0.6394153833389282,0.3605846166610718,0
0.50018233,0.49998087,0.5104014582992715,0.4895985417007285,0.7344255447387695,0.26557445526123047,0
0.50048095,0.5011416,0.7075367070834763,0.2924632929165237,0.7403334975242615,0.2596665024757385,0
0.50013787,0.49996662,0.7380289991330122,0.2619710008669877,0.7728220820426941,0.2271779179573059,1
0.5002721,0.49999082,0.5085484487835881,0.4914515512164119,0.2987262010574341,0.7012737989425659,1
0.50020355,0.49997103,0.6686419335068731,0.3313580664931269,0.6146167516708374,0.3853832483291626,1
0.50213337,0.5024591,0.7250154435341545,0.2749845564658454,0.7644141912460327,0.23558580875396729,0
0.50010765,0.5000204,0.5085484487835881,0.4914515512164119,0.4588637948036194,0.5411362051963806,0
0.5001453,0.4999892,0.7282829288915519,0.2717170711084481,0.7734065055847168,0.2265934944152832,1
0.50037926,0.50010836,0.4897133286018686,0.5102866713981313,0.5755035877227783,0.4244964122772217,1
0.5001877,0.5000124,0.7091117914538068,0.2908882085461932,0.38958609104156494,0.6104139089584351,0
0.5001144,0.49996287,0.7091117914538068,0.2908882085461932,0.8177703619003296,0.1822296380996704,1
0.5001122,0.49997556,0.7091117914538068,0.2908882085461932,0.8014587163925171,0.1985412836074829,0
0.500111,0.49996084,0.7091117914538068,0.2908882085461932,0.6497331857681274,0.35026681423187256,0
0.5003563,0.5000329,0.75650920617208,0.24349079382792,0.7555294632911682,0.2444705367088318,0
0.5001255,0.49998224,0.7091117914538068,0.2908882085461932,0.8620830774307251,0.1379169225692749,1
0.5002424,0.5000613,0.7091117914538068,0.2908882085461932,0.7784148454666138,0.22158515453338623,0
0.5002996,0.50004244,0.3844256933051863,0.6155743066948137,0.28603577613830566,0.7139642238616943,0
0.5001123,0.49996054,0.4638826149213058,0.5361173850786942,0.46488261222839355,0.5351173877716064,1
0.5001161,0.49996054,0.7091117914538068,0.2908882085461932,0.7849714159965515,0.2150285840034485,1
0.50014746,0.50003314,0.7523821112805169,0.247617888719483,0.6644227504730225,0.33557724952697754,1
0.5001697,0.499982,0.7202148638857637,0.2797851361142362,0.7819645404815674,0.21803545951843262,0
0.50063187,0.5005983,0.7496211647545143,0.2503788352454856,0.7588607668876648,0.2411392331123352,1
0.50008535,0.49996346,0.7091117914538068,0.2908882085461932,0.7733055353164673,0.22669446468353271,1
0.5004676,0.5000884,0.6952029280756138,0.3047970719243862,0.8210640549659729,0.1789359450340271,1
0.49613518,0.50160354,0.6916056699020874,0.3083943300979126,0.5362032651901245,0.4637967348098755,0
0.500139,0.4999621,0.6616298279185562,0.3383701720814438,0.8305923938751221,0.16940760612487793,0
0.5000495,0.49999362,0.7241190542469602,0.2758809457530397,0.5834183096885681,0.4165816903114319,0
0.5010942,0.5012902,0.702688142491978,0.2973118575080219,0.7979774475097656,0.20202255249023438,0
0.5024356,0.5026885,0.6679732296005721,0.3320267703994278,0.6782252192497253,0.32177478075027466,0
0.5001808,0.49997962,0.7091117914538068,0.2908882085461932,0.6569580435752869,0.34304195642471313,1
0.5001817,0.50000954,0.7043692392577371,0.2956307607422629,0.4445401430130005,0.5554598569869995,1
0.5001817,0.50000954,0.7043692392577371,0.2956307607422629,0.4445401430130005,0.5554598569869995,0
0.50026685,0.50009215,0.7235581858742968,0.2764418141257032,0.7185332775115967,0.2814667224884033,1
0.50029194,0.5001423,0.7091117914538068,0.2908882085461932,0.3991875648498535,0.6008124351501465,1
0.50022,0.5001548,0.7097193754599662,0.2902806245400338,0.6349378228187561,0.3650621771812439,1
0.4983327,0.5085947,0.7058220084561582,0.2941779915438418,0.5768872499465942,0.42311275005340576,1
0.4974578,0.5027744,0.3488299063776706,0.6511700936223294,0.195978581905365,0.804021418094635,1
0.5002996,0.50004244,0.3844256933051863,0.6155743066948137,0.28603577613830566,0.7139642238616943,1
0.5001686,0.49997455,0.7091117914538068,0.2908882085461932,0.8247487545013428,0.17525124549865723,1
0.5011862,0.4996716,0.6768706757727357,0.3231293242272642,0.5068305730819702,0.4931694269180298,1
0.50037557,0.500166,0.7091117914538068,0.2908882085461932,0.78861403465271,0.21138596534729004,0
0.50010073,0.49996805,0.7091117914538068,0.2908882085461932,0.8732041716575623,0.12679582834243774,0
0.5002631,0.5001593,0.7481935522070988,0.2518064477929011,0.8498244881629944,0.15017551183700562,0
0.5002247,0.5001397,0.6692092066195585,0.3307907933804414,0.8311432003974915,0.16885679960250854,0
0.5005115,0.50006056,0.7325509872445288,0.2674490127554712,0.8312305212020874,0.1687694787979126,0
0.5000979,0.49997497,0.4555971578374026,0.5444028421625974,0.14817380905151367,0.8518261909484863,0
0.49981144,0.5000838,0.2122270270222863,0.7877729729777136,0.14292478561401367,0.8570752143859863,1
0.50328666,0.50129294,0.6661613598326684,0.3338386401673315,0.40856772661209106,0.5914322733879089,0
0.50020605,0.50013417,0.7486716393662434,0.2513283606337566,0.8228883147239685,0.1771116852760315,0
0.50016487,0.49998087,0.5629891160189755,0.4370108839810245,0.7646743059158325,0.23532569408416748,1
0.50229096,0.5021376,0.4369891132083685,0.5630108867916315,0.2656398415565491,0.7343601584434509,1
0.50051516,0.5000777,0.6692092066195585,0.3307907933804414,0.5965667366981506,0.40343326330184937,0
0.5001527,0.5000793,0.3844256933051863,0.6155743066948137,0.2522051930427551,0.7477948069572449,1
0.4963404,0.50139606,0.6831835279509968,0.3168164720490032,0.6697556376457214,0.33024436235427856,1
0.5004596,0.5000123,0.7091117914538068,0.2908882085461932,0.7945806980133057,0.20541930198669434,0
0.500222,0.5000492,0.4843563486922818,0.5156436513077182,0.4529246687889099,0.5470753312110901,1
0.50008535,0.49996346,0.7091117914538068,0.2908882085461932,0.7733055353164673,0.22669446468353271,0
0.5040678,0.50341785,0.7182789295788842,0.2817210704211158,0.31547796726226807,0.6845220327377319,1
0.50012743,0.49996042,0.6296340626594839,0.3703659373405161,0.5809435248374939,0.4190564751625061,1
0.50024176,0.500193,0.7350783291673448,0.2649216708326551,0.7158287167549133,0.28417128324508667,0
0.499885,0.50079054,0.7091117914538068,0.2908882085461932,0.8023491501808167,0.19765084981918335,0
0.5000996,0.49997646,0.7091117914538068,0.2908882085461932,0.7762954831123352,0.2237045168876648,0
0.5004145,0.5003214,0.7357375780488233,0.2642624219511766,0.7884184718132019,0.2115815281867981,0
0.50062525,0.50017655,0.5139063301792401,0.4860936698207598,0.24014073610305786,0.7598592638969421,0
0.50011754,0.500003,0.7395230314765044,0.2604769685234956,0.8117994070053101,0.18820059299468994,0
0.5005812,0.5016807,0.6653175776073604,0.3346824223926395,0.7954397797584534,0.20456022024154663,0
0.50011545,0.49996305,0.7091117914538068,0.2908882085461932,0.3564261794090271,0.6435738205909729,1
0.501354,0.50081885,0.4320242414013615,0.5679757585986385,0.33871060609817505,0.661289393901825,1
0.5022814,0.5025241,0.8432966847713672,0.1567033152286328,0.6399032473564148,0.3600967526435852,0
0.4867602,0.50022554,0.6653127463142654,0.3346872536857346,0.867026686668396,0.132973313331604,0
0.5001049,0.49997234,0.7091117914538068,0.2908882085461932,0.6658141016960144,0.3341858983039856,0
0.5004431,0.50040734,0.6899543420239292,0.3100456579760707,0.7594717741012573,0.24052822589874268,1
0.5000441,0.4999681,0.7234171675205978,0.2765828324794021,0.7617972493171692,0.2382027506828308,0
0.5001504,0.50006926,0.7325509872445288,0.2674490127554712,0.7722068428993225,0.2277931571006775,1
0.5003132,0.50002056,0.3488299063776706,0.6511700936223294,0.17649543285369873,0.8235045671463013,1
0.5000963,0.49996305,0.7295361376416708,0.2704638623583292,0.8028048872947693,0.1971951127052307,1
0.5002665,0.50006604,0.7181468532277435,0.2818531467722565,0.7184619307518005,0.28153806924819946,0
0.50026804,0.50010544,0.7669397978519477,0.2330602021480523,0.6668062210083008,0.3331937789916992,0
0.5001272,0.49998868,0.4649725846549735,0.5350274153450265,0.18581289052963257,0.8141871094703674,1
0.500398,0.5002539,0.3488299063776706,0.6511700936223294,0.2417987585067749,0.7582012414932251,1
0.500165,0.5000195,0.7043692392577371,0.2956307607422629,0.7122151255607605,0.2877848744392395,0
0.49234074,0.49949834,0.708275646483438,0.291724353516562,0.70353102684021,0.29646897315979004,0
0.49314618,0.5040879,0.6284757490476862,0.3715242509523137,0.2702330946922302,0.7297669053077698,1
0.49278638,0.50195783,0.6751196839437528,0.3248803160562472,0.5687060952186584,0.43129390478134155,1
0.5000222,0.50000083,0.6943973895714195,0.3056026104285805,0.2939012050628662,0.7060987949371338,0
0.50026006,0.5001236,0.2216360361489551,0.7783639638510449,0.11176741123199463,0.8882325887680054,0
0.5004301,0.5000357,0.4593834095742024,0.5406165904257976,0.7221335172653198,0.2778664827346802,0
0.5006102,0.50017035,0.7149871559965684,0.2850128440034316,0.8556690216064453,0.1443309783935547,0
0.5004059,0.5000104,0.5784811397190042,0.4215188602809959,0.601836621761322,0.398163378238678,0
0.50021356,0.50018287,0.6976808005714199,0.3023191994285801,0.6847078800201416,0.3152921199798584,1
0.50049347,0.50014037,0.7497137700380507,0.2502862299619492,0.8196632862091064,0.18033671379089355,0
0.50003594,0.49997014,0.7091117914538068,0.2908882085461932,0.5734273195266724,0.42657268047332764,1
0.500446,0.5000227,0.7190295863710797,0.2809704136289203,0.7805408239364624,0.2194591760635376,0
0.5005849,0.5004411,0.7267354018939005,0.2732645981060995,0.5541092753410339,0.44589072465896606,0
0.50012255,0.49996316,0.7007640647020006,0.2992359352979993,0.7463673949241638,0.2536326050758362,1
0.49949953,0.499987,0.7193907989029733,0.2806092010970266,0.6439566016197205,0.35604339838027954,1
0.500162,0.4999975,0.6296340626594839,0.3703659373405161,0.5889720916748047,0.4110279083251953,1
0.5023053,0.50182194,0.6710543367026209,0.328945663297379,0.543714702129364,0.456285297870636,1
0.50028384,0.5000911,0.7349007138666591,0.2650992861333409,0.8010895848274231,0.1989104151725769,0
0.5006765,0.5001793,0.7576408380135896,0.2423591619864103,0.6676012873649597,0.3323987126350403,1
0.5001813,0.50003105,0.4586926567324069,0.5413073432675931,0.2954263687133789,0.7045736312866211,1
0.5000691,0.4999715,0.4843563486922818,0.5156436513077182,0.4358540177345276,0.5641459822654724,1
0.50021946,0.5000366,0.5976813744939864,0.4023186255060136,0.45587003231048584,0.5441299676895142,1
0.50059485,0.50059,0.6923366685797221,0.3076633314202779,0.7488271594047546,0.25117284059524536,0
0.50009936,0.4999647,0.7091117914538068,0.2908882085461932,0.7992463111877441,0.20075368881225586,0
0.5001559,0.49996507,0.7148303615802565,0.2851696384197435,0.7496798038482666,0.2503201961517334,0
0.5001327,0.49996078,0.7091117914538068,0.2908882085461932,0.2690703272819519,0.7309296727180481,0
0.50108004,0.50097066,0.7210138887011853,0.2789861112988147,0.6710565090179443,0.32894349098205566,0
0.5002212,0.5000083,0.7091117914538068,0.2908882085461932,0.6580311059951782,0.3419688940048218,1
0.500131,0.4999888,0.8566965543401034,0.1433034456598966,0.7291942834854126,0.2708057165145874,1
0.5002334,0.50010407,0.6944412147823347,0.3055587852176653,0.7644542455673218,0.23554575443267822,1
0.4999637,0.49995834,0.71081517109051,0.2891848289094901,0.45661765336990356,0.5433823466300964,0
0.5002424,0.5000613,0.7091117914538068,0.2908882085461932,0.762301504611969,0.237698495388031,1
0.5002152,0.5,0.7366221084020802,0.2633778915979198,0.8150572776794434,0.18494272232055664,1
0.50021476,0.50017774,0.7236760145958674,0.2763239854041326,0.7511827945709229,0.24881720542907715,0
0.50068974,0.50026935,0.4586926567324069,0.5413073432675931,0.26753950119018555,0.7324604988098145,1
0.5002573,0.50015223,0.7775541969694739,0.222445803030526,0.8714287281036377,0.1285712718963623,0
0.49742177,0.5009031,0.7287652919576586,0.2712347080423413,0.5599093437194824,0.4400906562805176,0
0.50011224,0.4999879,0.7091117914538068,0.2908882085461932,0.2179192304611206,0.7820807695388794,1
0.5002731,0.5000821,0.4843563486922818,0.5156436513077182,0.6757676601409912,0.3242323398590088,1
0.50024813,0.5001306,0.5971942303034344,0.4028057696965655,0.4977172613143921,0.5022827386856079,1
0.50030744,0.5002211,0.7557078646944141,0.2442921353055858,0.7211427688598633,0.2788572311401367,0
0.50011754,0.5000014,0.6296340626594839,0.3703659373405161,0.6206960678100586,0.3793039321899414,1
0.5000862,0.5000222,0.6041217327085885,0.3958782672914115,0.348960280418396,0.651039719581604,1
0.5002697,0.5000252,0.590106877207816,0.409893122792184,0.47536253929138184,0.5246374607086182,0
0.49311098,0.5015218,0.6909329935290875,0.3090670064709124,0.3800758123397827,0.6199241876602173,0
0.5001627,0.4999742,0.7236014755528835,0.2763985244471165,0.5824992060661316,0.4175007939338684,0
0.500398,0.5002539,0.3488299063776706,0.6511700936223294,0.2417987585067749,0.7582012414932251,0
0.5004676,0.5000884,0.6952029280756138,0.3047970719243862,0.8210640549659729,0.1789359450340271,0
0.5073223,0.50015694,0.4631292267339444,0.5368707732660556,0.20972836017608643,0.7902716398239136,1
0.49905473,0.50153124,0.3488299063776706,0.6511700936223294,0.23358690738677979,0.7664130926132202,0
0.5028242,0.5032723,0.4815537760270642,0.5184462239729358,0.16631817817687988,0.8336818218231201,0
0.5035575,0.5050559,0.6909645597355616,0.3090354402644384,0.43871694803237915,0.5612830519676208,1
0.495063,0.5002584,0.7108515032464892,0.2891484967535108,0.24472463130950928,0.7552753686904907,0
0.5004624,0.5002272,0.7149043137381319,0.2850956862618681,0.8302517533302307,0.1697482466697693,1
0.50021976,0.50001395,0.7149871559965684,0.2850128440034316,0.8662633299827576,0.13373667001724243,0
0.5010589,0.50129694,0.7325509872445288,0.2674490127554712,0.3797227144241333,0.6202772855758667,1
0.50026464,0.4999982,0.3488299063776706,0.6511700936223294,0.2588622570037842,0.7411377429962158,1
0.50028974,0.5001729,0.7043692392577371,0.2956307607422629,0.491035521030426,0.508964478969574,0
0.5000822,0.5000431,0.7091117914538068,0.2908882085461932,0.7353143095970154,0.2646856904029846,0
0.50009274,0.49997288,0.7091117914538068,0.2908882085461932,0.7753787040710449,0.22462129592895508,0
0.49763352,0.5059967,0.6682495187554235,0.3317504812445765,0.6294329762458801,0.3705670237541199,0
0.4999981,0.50002086,0.7253836723670037,0.2746163276329962,0.6165816187858582,0.38341838121414185,0
0.50026006,0.5001236,0.2216360361489551,0.7783639638510449,0.11176741123199463,0.8882325887680054,1
0.5004574,0.5002235,0.7511765382932231,0.2488234617067769,0.23920810222625732,0.7607918977737427,1
0.5001453,0.4999892,0.7282829288915519,0.2717170711084481,0.7734065055847168,0.2265934944152832,0
0.50011927,0.4999615,0.7034880705680684,0.2965119294319316,0.5942270159721375,0.40577298402786255,0
0.500053,0.49996668,0.7670632861147435,0.2329367138852565,0.26375365257263184,0.7362463474273682,0
0.49937353,0.5000251,0.7276491757402096,0.2723508242597904,0.5182804465293884,0.4817195534706116,0
0.50107986,0.5020252,0.6073141364993303,0.3926858635006697,0.3306235671043396,0.6693764328956604,0
0.50040287,0.50044924,0.7111101354114227,0.2888898645885773,0.6217674016952515,0.37823259830474854,1
0.49885488,0.5018716,0.7091117914538068,0.2908882085461932,0.7452352643013,0.25476473569869995,0
0.5002518,0.5002414,0.7744385287132751,0.2255614712867248,0.8213883638381958,0.1786116361618042,0
0.50018233,0.49998087,0.5104014582992715,0.4895985417007285,0.7344255447387695,0.26557445526123047,1
0.5001049,0.49997234,0.7091117914538068,0.2908882085461932,0.6658141016960144,0.3341858983039856,0
0.5001204,0.5000511,0.7286917499588155,0.2713082500411845,0.5249168276786804,0.4750831723213196,1
0.50037724,0.50042635,0.7091117914538068,0.2908882085461932,0.6112902760505676,0.3887097239494324,1
0.5007527,0.50004184,0.6990579978372566,0.3009420021627433,0.867224395275116,0.13277560472488403,0
0.50081074,0.500364,0.6840698447903497,0.3159301552096502,0.6226322054862976,0.3773677945137024,1
0.500098,0.49997067,0.7091117914538068,0.2908882085461932,0.6540732383728027,0.34592676162719727,0
0.5003844,0.5002816,0.7669397978519477,0.2330602021480523,0.7965013384819031,0.20349866151809692,1
0.5001196,0.49999654,0.7091117914538068,0.2908882085461932,0.7222596406936646,0.27774035930633545,0
0.5003517,0.50006413,0.7424551786820041,0.2575448213179959,0.7782925963401794,0.22170740365982056,0
0.5002619,0.50001335,0.7699572867612662,0.2300427132387338,0.8480368852615356,0.15196311473846436,1
0.50014335,0.49996877,0.7012007803756325,0.2987992196243675,0.8637155890464783,0.13628441095352173,1
0.49840018,0.502924,0.7234171675205978,0.2765828324794021,0.8443233966827393,0.15567660331726074,1
0.50041986,0.50019175,0.6671068096733581,0.3328931903266419,0.39824074506759644,0.6017592549324036,1
0.5001713,0.5000751,0.6729755319325148,0.3270244680674851,0.6115337014198303,0.3884662985801697,1
0.5001278,0.49999058,0.4843563486922818,0.5156436513077182,0.3478081226348877,0.6521918773651123,1
0.50029767,0.5000196,0.6856135613420543,0.3143864386579457,0.7673109769821167,0.2326890230178833,0
0.5000129,0.49995917,0.7091117914538068,0.2908882085461932,0.8078186511993408,0.19218134880065918,0
0.50009775,0.49996012,0.7091117914538068,0.2908882085461932,0.7127707600593567,0.2872292399406433,0
0.50011104,0.49996054,0.7228519595736858,0.2771480404263142,0.8019081354141235,0.19809186458587646,0
0.5001204,0.49996156,0.7462882659796628,0.2537117340203371,0.8187810778617859,0.1812189221382141,0
0.5003926,0.5000419,0.71081517109051,0.2891848289094901,0.6146368384361267,0.3853631615638733,0
